"Time (s)","Linear Acceleration x (m/s^2)","Linear Acceleration y (m/s^2)","Linear Acceleration z (m/s^2)","Absolute acceleration (m/s^2)"
9.147833334E-3,-5.298918129E-3,9.350649143E-3,-1.520919263E-2,1.862344526E-2
1.909183327E-2,-3.038473637E-4,3.010416995E-3,-1.439584494E-3,3.350721895E-3
2.903583331E-2,-2.002287637E-3,-5.022420203E-3,1.262940109E-2,1.373810876E-2
3.898083325E-2,5.080492648E-3,-9.636337019E-3,-3.964412212E-4,1.090080558E-2
4.892483330E-2,-1.186153376E-2,6.476859137E-3,1.696511149E-2,2.169010594E-2
5.886883324E-2,-5.281618594E-3,2.007099028E-3,-4.294195175E-3,7.096763606E-3
6.881283328E-2,-1.930855219E-2,-2.958638130E-2,1.156930089E-2,3.717556817E-2
7.875683333E-2,-9.442531513E-3,-2.457544082E-2,4.240108430E-2,4.990957466E-2
8.870083326E-2,7.472709627E-3,-1.532417379E-2,3.730874419E-2,4.101967924E-2
9.864483331E-2,3.101026967E-2,-2.644967672E-2,3.401559234E-2,5.308750084E-2
1.085888332E-1,-1.330467136E-1,1.444642244E-1,-4.253755832E-1,4.685250547E-1
1.185328333E-1,-7.161547762E-2,4.050093108E-2,-9.335898399E-2,1.244387478E-1
1.284768332E-1,5.056418108E-2,-8.223927003E-2,2.037731266E-1,2.254850795E-1
1.384208333E-1,7.147613116E-2,-8.254528955E-2,2.102033097E-1,2.368712594E-1
1.483648333E-1,1.758011524E-2,-1.729574185E-2,6.215707183E-2,6.687080616E-2
1.583088333E-1,-3.396178653E-2,2.059649508E-2,-7.196460664E-2,8.219807275E-2
1.682528333E-1,-8.316382446E-2,7.454828567E-2,-2.569792807E-1,2.801999631E-1
1.781968332E-1,-2.509467129E-2,-2.268171497E-4,-2.720592499E-2,3.701292109E-2
1.881408333E-1,-8.212802676E-4,-1.644371231E-2,4.374594390E-2,4.674160656E-2
1.980858332E-1,3.123641987E-3,-2.733480128E-2,8.715391874E-2,9.139340267E-2
2.080298333E-1,4.042392599E-3,-1.472341920E-2,5.017963529E-2,5.245108015E-2
2.179738333E-1,-4.626969811E-2,6.008442574E-2,-1.189692038E-1,1.410839985E-1
2.279178333E-1,-7.102909782E-2,8.810286703E-2,-1.716578794E-1,2.056056309E-1
2.378618333E-1,1.560766668E-2,8.559280353E-2,-9.860159755E-2,1.314990582E-1
2.478058332E-1,4.211957742E-2,6.133498072E-2,-2.703401685E-2,7.916360735E-2
2.577498333E-1,6.675928279E-3,-4.704724532E-4,8.314155936E-3,1.067307602E-2
2.676938333E-1,2.119364883E-2,-5.133176518E-2,7.628920734E-2,9.436187802E-2
2.776378333E-1,3.448474917E-2,-1.695244405E-2,1.008469284E-1,1.079198140E-1
2.875818333E-1,2.477642287E-2,1.792025874E-2,-2.248195946E-2,3.795319888E-2
2.975258332E-1,-3.698733462E-2,-9.007920764E-2,-8.413032353E-2,1.286865879E-1
3.074697083E-1,-3.675032139E-3,-6.993401940E-2,4.296300173E-2,8.215894624E-2
3.174137083E-1,6.146274695E-2,-5.278815128E-2,2.123925072E-1,2.273209961E-1
3.273577082E-1,2.157660720E-2,-1.032271791E-2,1.039974082E-1,1.067125550E-1
3.373017083E-1,-5.198620108E-2,4.190852491E-3,-9.659190953E-2,1.097730629E-1
3.472457082E-1,-3.935706952E-2,2.114077950E-2,-1.414891702E-1,1.483748522E-1
3.571907083E-1,-2.179737156E-2,1.906097742E-2,-9.102886856E-2,9.552330175E-2
3.671347083E-1,1.058448359E-2,-1.147709761E-2,1.690488517E-2,2.301152331E-2
3.770787083E-1,2.646460768E-2,-1.678924735E-2,1.013246459E-1,1.060610114E-1
3.870227083E-1,1.599628268E-2,-6.026202121E-3,5.625723124E-2,5.879687269E-2
3.969667082E-1,-8.836159261E-3,-6.251331344E-3,-1.993959010E-2,2.268797275E-2
4.069107083E-1,-4.424825627E-2,1.319950461E-2,-7.786561668E-2,9.052728520E-2
4.168547083E-1,-2.925579891E-2,7.679305917E-3,-5.435688615E-2,6.220566358E-2
4.267987083E-1,-1.612068676E-2,-1.658967000E-3,-4.506449103E-3,1.682072521E-2
4.367427083E-1,1.523047102E-2,-1.312621114E-2,2.976934433E-2,3.592323104E-2
4.466867083E-1,8.507961442E-3,-8.030301025E-3,3.365598857E-2,3.563140061E-2
4.566307083E-1,-3.618572247E-3,1.710238630E-2,-7.510748506E-3,1.902621942E-2
4.665747082E-1,-7.802243626E-3,1.035866230E-3,-4.552934468E-2,4.620464534E-2
4.765187083E-1,-1.501366266E-2,-8.809072492E-3,-3.729237199E-2,4.115496122E-2
4.864627083E-1,1.578725385E-4,5.630028136E-3,2.048805892E-2,2.124812225E-2
4.964067083E-1,-1.483664734E-3,-1.321037906E-2,2.527458966E-2,2.855731532E-2
5.063517083E-1,-1.448728306E-2,-8.858074900E-3,-9.238600731E-4,1.700589247E-2
5.162957083E-1,-3.247543573E-3,5.198425963E-3,-1.125296652E-2,1.281403244E-2
5.262397083E-1,-8.003867499E-3,6.898736889E-3,-1.110152364E-2,1.532639203E-2
5.361837082E-1,-1.481957393E-2,-7.674472828E-3,-8.107164502E-3,1.855379801E-2
5.461277083E-1,-1.618180387E-3,-1.828659365E-2,2.748191357E-4,1.836010732E-2
5.560717083E-1,-1.894216474E-2,1.334768585E-3,-5.567134023E-3,1.978838532E-2
5.660157083E-1,-8.517766949E-2,-1.681208575E-2,1.657861054E-2,8.838965966E-2
5.759597083E-1,-3.013372819E-1,-2.374161873E-2,3.647551596E-2,3.044639309E-1
5.859037082E-1,-3.603034916E-1,6.152990770E-3,-9.036287069E-3,3.604693050E-1
5.958477083E-1,-4.368746261E-2,4.138638225E-2,-9.600192547E-2,1.133040013E-1
6.057917083E-1,-1.101638544E-1,2.276875169E-2,-4.899849772E-2,1.227002186E-1
6.157357083E-1,-4.821702832E-1,-1.861803713E-2,6.894978225E-2,4.874309036E-1
6.256797083E-1,-5.810230552E-1,-4.062808975E-2,6.655008495E-2,5.862314783E-1
6.356237083E-1,-1.458334870E-1,2.673153307E-2,-1.281820768E-1,1.959913916E-1
6.455677083E-1,7.425899011E-2,4.552705147E-2,-2.050916737E-1,2.228221368E-1
6.555127082E-1,-2.251744110E-1,3.579705165E-2,-3.787241578E-2,2.311260785E-1
6.654567083E-1,-4.414683266E-1,-8.918722403E-2,3.123834032E-1,5.481168077E-1
6.754007083E-1,-2.884009385E-1,-3.581010510E-2,-3.312447667E-3,2.906345425E-1
6.853447083E-1,-8.078163683E-3,5.387330314E-2,-1.884674549E-1,1.961824943E-1
6.952887083E-1,-1.089236005E-2,7.890315028E-3,8.425545394E-2,8.532222511E-2
7.052327082E-1,-3.287274307E-1,3.874216170E-2,-1.064251721E-2,3.311735829E-1
7.151767083E-1,-3.505591433E-1,4.770113762E-2,-3.713508189E-2,3.557332228E-1
7.251207082E-1,-6.738070020E-2,-4.967822741E-2,4.160118520E-2,9.348124758E-2
7.350647083E-1,3.248837041E-2,-2.879727214E-2,-3.414013803E-2,5.522975755E-2
7.450087083E-1,-1.640833231E-1,-2.213344942E-2,4.029316306E-3,1.656184226E-1
7.549527083E-1,-3.676192355E-1,-1.763243412E-2,-1.588045299E-2,3.683843018E-1
7.648967083E-1,-1.493277465E-1,-5.287299072E-2,-1.183827281E-2,1.588536236E-1
7.748407082E-1,5.801559862E-2,-3.479225789E-3,1.151258290E-2,5.924908658E-2
7.847847083E-1,-1.059049755E-2,1.469088036E-2,-2.546403944E-2,3.124736643E-2
7.947287083E-1,-3.161146211E-1,-1.593900052E-2,-1.798720479E-2,3.170268837E-1
8.046737083E-1,-2.337788994E-1,-2.533462640E-2,1.300362289E-2,2.355069242E-1
8.146177083E-1,2.829364414E-2,5.744149340E-2,-1.564387465E-1,1.690359040E-1
8.245617083E-1,-1.846548647E-2,-5.976524086E-2,8.815496206E-2,1.080932724E-1
8.345057083E-1,-2.682925466E-1,-4.999775033E-2,1.660316885E-2,2.734160398E-1
8.444497082E-1,-2.322175101E-1,2.916048930E-2,-1.034021616E-2,2.342695589E-1
8.543937083E-1,2.052964725E-2,6.296150252E-2,-4.701219857E-2,8.121430927E-2
8.643377083E-1,5.761763621E-2,-3.010684973E-2,3.905881584E-2,7.584065860E-2
8.742817083E-1,-1.351893526E-1,-4.978847026E-2,1.435959220E-2,1.447800080E-1
8.842257083E-1,-2.242260474E-1,-5.875496990E-2,-1.333165169E-2,2.321792406E-1
8.941697082E-1,-3.909179779E-2,-1.587049674E-2,-2.964772224E-2,5.156577116E-2
9.041137083E-1,-2.361370861E-2,-2.823656984E-4,-2.403790355E-3,2.373742136E-2
9.140577082E-1,-9.122554514E-2,9.081577866E-3,-2.889986336E-2,9.612376004E-2
9.240017083E-1,-1.337343278E-1,-1.319004400E-2,-1.976943612E-2,1.358295929E-1
9.339457083E-1,-7.825330535E-2,-3.749928576E-2,1.570679069E-2,8.818434954E-2
9.438897083E-1,1.108195145E-2,9.474540451E-3,-2.979916513E-2,3.317479174E-2
9.538347083E-1,-1.087850444E-1,1.088524061E-2,2.184402823E-2,1.114891740E-1
9.637787082E-1,-1.721318327E-1,1.757633739E-2,1.705281973E-2,1.738651608E-1
9.737227083E-1,-1.887757859E-1,2.371798319E-2,-4.596671641E-2,1.957339498E-1
9.836667082E-1,-6.543037056E-2,-7.438526256E-3,-2.845079720E-2,7.173501882E-2
9.936107083E-1,-2.543406561E-2,-1.831962814E-2,-6.446555257E-3,3.200091473E-2
1.003554708E0,-1.598126812E-1,-1.819501849E-2,5.677061677E-3,1.609452727E-1
1.013498708E0,-2.409470925E-1,-3.577422924E-2,-2.695390999E-2,2.450751112E-1
1.023442708E0,-7.000659339E-2,-6.203280022E-2,1.091733634E-2,9.417101282E-2
1.033386708E0,2.748239551E-2,-5.398751571E-2,7.476249933E-3,6.103956281E-2
1.043330708E0,-6.900141134E-2,-9.280485981E-2,1.031741202E-2,1.161050635E-1
1.053274708E0,-1.406403372E-1,-7.774453363E-3,-3.249414682E-2,1.445545439E-1
1.063218708E0,-1.055158752E-1,-6.493282733E-2,4.010605216E-2,1.302242965E-1
1.073162708E0,4.416511618E-3,-2.347090635E-2,-6.033449471E-2,6.488944654E-2
1.083106708E0,-6.640486387E-2,-3.634991503E-2,8.821694255E-3,7.621512027E-2
1.093050708E0,-9.859810749E-2,2.204998727E-3,-3.638429940E-2,1.051202457E-1
1.102994708E0,-8.167878700E-2,3.077120078E-3,4.160352409E-2,9.171557191E-2
1.112939708E0,7.384612187E-2,-3.388937927E-2,1.121963739E-2,8.202207024E-2
1.122883708E0,1.863162506E-2,-2.811811804E-3,-2.380810797E-2,3.036230793E-2
1.132827708E0,-7.912459530E-2,1.882768722E-2,8.672590256E-3,8.179484830E-2
1.142771708E0,-2.674392415E-2,2.662368392E-2,-7.492622137E-3,3.847333376E-2
1.152715708E0,2.274523217E-1,2.501376729E-2,-7.190321088E-3,2.289365588E-1
1.162659708E0,2.165661218E-1,3.623263724E-3,-1.362576663E-2,2.170245946E-1
1.172603708E0,1.225694487E-2,7.775887758E-3,-6.138991714E-3,1.576021406E-2
1.182547708E0,1.833889654E-2,-1.819415511E-2,-1.557522833E-2,3.016504839E-2
1.192491708E0,-1.099011317E-1,4.953856118E-2,6.615656734E-2,1.375100694E-1
1.202435708E0,-2.979500127E-2,5.067544263E-3,-3.143697023E-2,4.360854507E-2
1.212379708E0,-6.737776746E-2,-8.352965003E-2,-4.266479373E-2,1.154870149E-1
1.222323708E0,-1.071899148E-1,-1.280897456E-2,3.532478392E-2,1.135851576E-1
1.232267708E0,-1.366070146E-2,-3.191005566E-2,-2.200424194E-2,4.109809096E-2
1.242211708E0,-7.549757657E-2,-6.271536215E-2,8.084360361E-3,9.848074736E-2
1.252155708E0,1.656352198E-2,-2.798127492E-2,-6.840248287E-2,7.573771629E-2
1.262100708E0,2.054275552E-2,-3.168669202E-2,1.736915410E-2,4.156607715E-2
1.272044708E0,3.582713512E-2,3.360346870E-2,-4.280454218E-2,6.515370712E-2
1.281988708E0,1.048430252E-1,5.417408757E-2,1.804450750E-3,1.180260468E-1
1.291932708E0,1.495782266E-1,5.965032480E-2,2.321169198E-2,1.626978481E-1
1.301876708E0,9.157176426E-2,8.157276968E-2,-8.525240421E-3,1.229316252E-1
1.311820958E0,5.938426735E-2,8.271663124E-3,-2.678667963E-2,6.566915429E-2
1.321764958E0,8.404126313E-2,-1.425438800E-2,4.050951004E-3,8.533775067E-2
1.331708958E0,1.821278306E-1,5.405585047E-2,-1.046651602E-2,1.902685723E-1
1.341652958E0,1.933680977E-1,2.315881122E-2,4.053874612E-3,1.947921601E-1
1.351596958E0,2.185830275E-1,3.387927912E-2,1.807374358E-3,2.212003889E-1
1.361540958E0,2.338706094E-1,-9.155894606E-3,-8.971382976E-3,2.342216430E-1
1.371484958E0,2.111801236E-1,-3.784209705E-2,-4.031655192E-3,2.145817400E-1
1.381428958E0,1.908080953E-1,1.503785094E-4,-1.017064691E-2,1.910790253E-1
1.391372958E0,1.880576565E-1,4.852771921E-2,8.239311576E-3,1.943926643E-1
1.401316958E0,2.268079768E-1,1.766538409E-2,3.750404119E-3,2.275258001E-1
1.411261958E0,3.396839800E-1,-7.980512897E-3,-3.606621087E-2,3.416865031E-1
1.421205958E0,3.724106267E-1,-5.122978608E-3,2.815025032E-2,3.735081745E-1
1.431149958E0,3.712662535E-1,1.396648572E-3,1.228266120E-2,3.714719981E-1
1.441093958E0,2.536493645E-1,4.954003212E-3,-5.926796257E-2,2.605287578E-1
1.451037958E0,1.867979652E-1,4.186364753E-2,8.094300628E-3,1.916026161E-1
1.460981958E0,2.487442084E-1,4.866942739E-2,1.505658031E-3,2.534653060E-1
1.470925958E0,2.607895640E-1,3.577042398E-2,-9.571307302E-3,2.634052578E-1
1.480869958E0,2.538601201E-1,3.322380168E-2,4.607605934E-4,2.560253774E-1
1.490813958E0,3.266290112E-1,1.883021340E-2,-1.600149035E-2,3.275624148E-1
1.500757958E0,2.216166909E-1,5.275807923E-2,-7.017828226E-3,2.279180171E-1
1.510701958E0,2.449240762E-1,3.369658561E-2,-1.135529280E-2,2.474918295E-1
1.520645958E0,2.173809313E-1,4.617401848E-2,-1.629268169E-2,2.228271993E-1
1.530589958E0,1.723074136E-1,5.821366391E-2,-9.405831099E-3,1.821184920E-1
1.540533958E0,1.514803807E-1,3.310682082E-2,-6.559991241E-3,1.551947190E-1
1.550477958E0,1.268429365E-1,4.043718729E-2,-3.499967873E-2,1.376563626E-1
1.560421958E0,8.939965155E-2,3.576047001E-2,-1.314395607E-2,9.717958887E-2
1.570366958E0,5.194876520E-2,1.757700434E-2,2.203406274E-2,5.910266668E-2
1.580310958E0,4.014280739E-2,2.229435063E-2,-1.224348485E-2,4.752247865E-2
1.590254958E0,2.128479002E-2,2.922584563E-2,-4.009435773E-3,3.637674964E-2
1.600198958E0,4.881912068E-2,1.859286670E-2,-1.269079685E-2,5.375925558E-2
1.610142958E0,3.377331204E-2,-3.861158607E-3,-2.513133287E-3,3.408608207E-2
1.620086958E0,6.731588747E-3,-1.894460869E-2,-7.304341793E-3,2.139078995E-2
1.630030958E0,-1.476550545E-2,1.251751827E-2,-4.397749364E-2,4.804922853E-2
1.639974958E0,-1.519837528E-3,1.740837612E-2,1.676981449E-3,1.755487773E-2
1.649918958E0,-1.764469271E-2,-4.438128043E-3,6.467605233E-3,1.930963694E-2
1.659862958E0,1.350429073E-2,-3.506397069E-3,1.559920192E-2,2.092834893E-2
1.669806958E0,9.284521474E-2,1.149387181E-2,-4.157370329E-4,9.355488136E-2
1.679750958E0,2.088005626E-1,2.437091618E-2,-1.253818452E-2,2.105916014E-1
1.689694958E0,1.779590582E-1,2.356555816E-2,-1.687740326E-2,1.803042115E-1
1.699638958E0,1.395881399E-1,1.979079216E-2,9.367239475E-4,1.409872395E-1
1.709582958E0,9.942093864E-2,3.581822040E-2,-2.510852873E-2,1.086181668E-1
1.719527958E0,4.721285856E-2,1.187377637E-3,4.882425070E-4,4.723031082E-2
1.729471958E0,1.985683829E-2,-6.663167188E-3,-1.158333421E-3,2.097697691E-2
1.739415958E0,-1.062696727E-2,-1.157273613E-3,-9.839694500E-3,1.452898150E-2
1.749359958E0,-3.617209115E-2,-3.841433390E-3,-5.048485994E-3,3.672416098E-2
1.759303958E0,-3.850653718E-2,2.360082418E-4,4.268467426E-5,3.850728409E-2
1.769247958E0,-1.733863437E-2,-5.419098968E-3,-8.339298964E-3,1.998846624E-2
1.779191958E0,-3.240494024E-2,-1.684273110E-2,-8.787195683E-3,3.756291457E-2
1.789135958E0,-2.137790008E-2,-2.048555102E-2,-5.343770385E-3,3.008701205E-2
1.799079958E0,-1.111927999E-2,-1.248517586E-3,-1.900345087E-3,1.134938302E-2
1.809023958E0,-2.249681961E-2,1.131806705E-2,-1.451278925E-3,2.522522041E-2
1.818967958E0,-2.818569449E-2,8.214424364E-5,-1.207917809E-2,3.066507240E-2
1.828911958E0,-3.580649399E-2,-9.759167377E-3,-1.451278925E-3,3.714098236E-2
1.838855958E0,-1.055981108E-2,-1.444285564E-2,-1.417540491E-2,2.282647133E-2
1.848799958E0,-1.237861949E-2,-3.153202403E-4,-2.076112390E-2,2.417341334E-2
1.858743958E0,-2.369550339E-2,-4.130770066E-3,-6.091629267E-3,2.481225684E-2
1.868688958E0,-3.140171792E-2,6.416661367E-3,-2.764680505E-2,4.232714567E-2
1.878632958E0,-3.032997811E-2,-4.725290285E-3,1.541910768E-3,3.073456408E-2
1.888576958E0,-1.852216564E-2,1.932185004E-4,2.140665650E-3,1.864645818E-2
1.898520958E0,-3.839103640E-3,-3.787127375E-3,-2.225859582E-2,2.290253564E-2
1.908464958E0,9.848844479E-3,-6.151937814E-3,-2.240828454E-2,2.523840908E-2
1.918408958E0,-1.640820988E-2,3.342770962E-3,1.740949988E-2,2.415562368E-2
1.928352958E0,1.520276526E-2,7.008879245E-3,-1.432450891E-2,2.203270331E-2
1.938296958E0,3.402663352E-2,-2.683232445E-3,-3.696609735E-3,3.433185764E-2
1.948240958E0,1.557188446E-2,-1.395990760E-3,3.938099742E-3,1.612268605E-2
1.958184958E0,8.955015340E-3,9.592905454E-4,-2.648203969E-3,9.387519499E-3
1.968128958E0,6.199332238E-3,2.312284171E-2,-2.498515248E-3,2.406948498E-2
1.978072958E0,1.133535288E-2,4.554227251E-3,-1.282645226E-2,1.771296385E-2
1.988016958E0,1.233021551E-2,-1.515826704E-3,-1.177804649E-2,1.711882952E-2
1.997960958E0,-2.088228003E-3,2.139299777E-3,-7.436488867E-3,8.014902769E-3
2.007904958E0,-1.037774798E-2,-9.526850190E-5,-1.132839561E-2,1.536356977E-2
2.017848958E0,1.005135914E-2,-1.170017345E-2,-5.502229929E-4,1.543459182E-2
2.027793958E0,2.352444492E-3,-1.070646199E-2,-1.327259481E-2,1.721406682E-2
2.037737958E0,-2.040364888E-2,9.671066282E-4,-1.057761312E-2,2.300282770E-2
2.047681958E0,-1.992474822E-2,8.731267978E-3,-1.985772908E-2,2.945437211E-2
2.057625958E0,-1.425192120E-2,4.379358958E-3,-1.431924641E-2,2.067212763E-2
2.067569958E0,-2.034066798E-2,-5.277258307E-3,-6.086366773E-3,2.187775330E-2
2.077513958E0,-3.806274722E-2,-1.269496299E-2,-3.241696358E-3,4.025473148E-2
2.087457958E0,-5.162500761E-2,-1.430548718E-2,-4.439206123E-3,5.375402241E-2
2.097401958E0,-1.770174189E-2,-5.318919718E-3,-1.237270832E-2,2.224244780E-2
2.107345958E0,-2.147723422E-3,7.907491224E-4,-6.384574771E-3,6.782388597E-3
2.117289958E0,-1.067332929E-2,3.823937424E-3,1.548927426E-3,1.144297303E-2
2.127233958E0,-6.229961598E-3,5.150953881E-3,-5.461299419E-4,8.102037109E-3
2.137177958E0,-5.332551040E-3,-1.028333372E-4,-9.228660464E-3,1.065902666E-2
2.147121958E0,-2.403758378E-2,7.886158023E-4,-8.180839419E-3,2.540380842E-2
2.157065958E0,-3.944702527E-2,-1.042906643E-2,-1.147399127E-2,4.238497028E-2
2.167009958E0,-3.891480074E-2,-1.711133757E-2,1.549512148E-3,4.253893015E-2
2.176953958E0,-6.118958148E-2,-1.094806620E-2,-1.297029376E-2,6.350002799E-2
2.186898958E0,-5.934737964E-2,-9.361081626E-3,9.332740903E-3,6.080165600E-2
2.196842958E0,-7.677864670E-2,-8.254537177E-3,-1.940866292E-2,7.962282442E-2
2.206786958E0,-5.641382241E-2,-4.936511815E-4,9.484183788E-4,5.642395367E-2
2.216730958E0,-3.484350782E-2,-1.219773496E-2,-9.981197119E-4,3.693035362E-2
2.226674958E0,-5.274520165E-2,-2.843098976E-3,-1.417131186E-2,5.468972105E-2
2.236618958E0,-4.313754568E-2,-1.494327223E-2,-9.531546235E-3,4.663689104E-2
2.246562958E0,-3.895591855E-2,-1.614473343E-2,-1.598628759E-3,4.219918982E-2
2.256506958E0,-4.389606660E-2,-2.648470291E-2,-8.633998632E-3,5.198894194E-2
2.266450958E0,-3.371975063E-2,-1.707622230E-2,-9.981197119E-3,3.909275184E-2
2.276394958E0,-4.602444853E-2,4.174194778E-3,-1.731652915E-2,4.935114939E-2
2.286338958E0,-3.535821355E-2,5.055233133E-3,-1.147925377E-2,3.751708830E-2
2.296282958E0,-6.573078954E-3,-6.593055418E-4,-1.956185997E-2,2.064718906E-2
2.306227083E0,3.505382029E-2,-4.377106866E-3,-9.233338237E-3,3.651279114E-2
2.316171083E0,4.547670146E-2,4.115772871E-3,-1.000458598E-3,4.567352493E-2
2.326115083E0,2.901835171E-2,-7.067136699E-4,-9.831508398E-3,3.064674106E-2
2.336059083E0,5.956833587E-2,1.484709924E-2,-9.082480073E-3,6.205895937E-2
2.346004083E0,2.601258593E-2,1.378328057E-2,-2.015944541E-2,3.567963970E-2
2.355948083E0,-5.003637850E-2,8.930827053E-3,-3.992478848E-3,5.098371047E-2
2.365892083E0,-6.644525077E-2,-8.455384467E-3,-3.693686128E-3,6.708284574E-2
2.375836083E0,-4.732247558E-2,-8.743917150E-4,-1.447185874E-2,4.949359506E-2
2.385780083E0,-3.714900100E-2,1.019106648E-2,-1.357314169E-2,4.084282418E-2
2.395724083E0,-8.244044166E-2,-4.572344483E-3,-1.477065146E-2,8.387791664E-2
2.405668083E0,-6.755897176E-2,-6.992858788E-3,-1.072847128E-2,6.876201593E-2
2.415612083E0,-5.027119446E-2,-3.170999866E-3,-8.482555747E-3,5.108034832E-2
2.425556083E0,-6.220692391E-2,-1.912592720E-2,-3.242865801E-3,6.516148135E-2
2.435500083E0,-7.967633491E-2,-1.224178551E-2,-1.970745564E-2,8.298532078E-2
2.445444083E0,-4.448200786E-2,-1.895052443E-2,1.936188519E-2,5.208314504E-2
2.455388083E0,-6.227169553E-2,-2.051888015E-2,3.118729413E-2,7.260465427E-2
2.465332083E0,-6.179534388E-2,-6.139421118E-3,-3.692048907E-2,7.224596550E-2
2.475276083E0,-5.711476196E-2,-1.190997886E-2,1.711713910E-2,6.080246772E-2
2.485220083E0,-4.448309507E-2,-2.429172296E-2,1.606873333E-2,5.316989508E-2
2.495165083E0,-9.139334195E-2,4.781761598E-3,-4.425640583E-2,1.016574525E-1
2.505109083E0,-1.095170610E-1,-6.899632243E-3,-9.977104068E-3,1.101868149E-1
2.515053083E0,-7.604223557E-2,-9.082320188E-3,7.535891533E-3,7.695258145E-2
2.524997083E0,-8.247336879E-2,-2.227305855E-2,5.483518839E-2,1.015127755E-1
2.534941083E0,-1.657256598E-1,-4.314278077E-2,-2.629609823E-2,1.732563956E-1
2.544885083E0,-1.413089115E-1,-3.492576627E-2,-1.806321859E-2,1.466775289E-1
2.554829083E0,-1.369225313E-1,-7.874888428E-3,2.891448140E-3,1.371792766E-1
2.564773083E0,-1.969137945E-1,-6.094169151E-4,-1.671952844E-2,1.976232691E-1
2.574717083E0,-2.003903662E-1,-4.625433546E-2,3.148023963E-2,2.080547233E-1
2.584661083E0,-1.259128090E-1,-4.456841417E-2,-5.084680259E-2,1.429187753E-1
2.594605083E0,-9.176801143E-2,-1.145676940E-2,-6.311835408E-2,1.119667456E-1
2.604549083E0,-1.008085743E-1,-1.371647157E-3,2.893903971E-2,1.048890751E-1
2.614493083E0,-7.955158822E-2,-1.780601876E-2,6.680736244E-2,1.053979752E-1
2.624437083E0,-1.150687638E-1,-1.926479400E-3,-4.216778040E-2,1.225669345E-1
2.634381083E0,-1.203741710E-1,-3.239769517E-2,-1.896661341E-2,1.260923634E-1
2.644325083E0,-1.106742341E-1,-3.629676932E-2,-3.848637342E-3,1.165377774E-1
2.654270083E0,-1.324375616E-1,-4.799371767E-3,-2.106284022E-2,1.341878718E-1
2.664214083E0,-1.242228540E-1,2.823595771E-2,-2.181186855E-2,1.292452876E-1
2.674158083E0,-9.653479868E-2,-1.178118480E-2,-1.133365810E-2,9.790922059E-2
2.684102083E0,-1.308786482E-1,-2.144791592E-2,6.327856779E-3,1.327752817E-1
2.694046083E0,-2.526562515E-1,-6.424682102E-2,6.021345735E-2,2.675602658E-1
2.703990083E0,-1.848503673E-1,-3.767498546E-2,-8.273693204E-2,2.059962688E-1
2.713934083E0,-1.818201300E-2,-1.980758920E-2,-2.151366055E-2,3.443492090E-2
2.723878083E0,-2.667553456E-2,1.501676899E-2,4.419910312E-2,5.376474878E-2
2.733822083E0,3.790530637E-3,1.566637638E-2,-4.291856289E-2,4.584546337E-2
2.743766083E0,2.450196690E-2,3.616155703E-3,5.647299349E-2,6.166540325E-2
2.753710083E0,2.081429930E-2,2.581828478E-2,-4.456572354E-2,5.555108099E-2
2.763654083E0,3.665660149E-2,3.334996906E-2,-5.324825406E-2,7.274134608E-2
2.773598083E0,-4.547939210E-3,-1.227380358E-2,6.485556185E-2,6.616323684E-2
2.783542083E0,-1.734890354E-2,2.393557727E-3,-3.498739958E-2,3.912584443E-2
2.793486083E0,-2.453282467E-2,-1.203608229E-2,3.836065829E-2,4.709848052E-2
2.803430083E0,2.665418766E-2,3.750223678E-2,-2.555701017E-2,5.263101987E-2
2.813375083E0,4.549018661E-2,3.378405173E-2,1.830003083E-2,5.954502798E-2
2.823319083E0,-8.556239801E-3,-1.376825597E-2,-2.795319915E-2,3.231339435E-2
2.833263083E0,-1.968269633E-2,-1.709699362E-2,7.221896052E-3,2.705312382E-2
2.843207083E0,2.103546795E-2,-2.891279119E-2,-9.697022438E-3,3.704689798E-2
2.853151083E0,2.621424863E-2,-4.152070376E-2,-5.640341163E-2,7.478302291E-2
2.863095083E0,1.042539365E-1,-8.395257731E-2,-3.566801548E-3,1.339016078E-1
2.873039083E0,9.241442112E-2,-2.570763536E-2,-5.663613081E-3,9.609050037E-2
2.882983083E0,-1.219590999E-2,2.512883867E-2,1.469522238E-2,3.156181735E-2
2.892927083E0,7.140971501E-3,8.135733632E-2,-1.943380594E-2,8.395047624E-2
2.902871083E0,-1.832318672E-2,6.859116978E-2,9.906937480E-3,7.168427410E-2
2.912815083E0,-2.162598876E-2,4.973846743E-2,1.078226566E-3,5.424722210E-2
2.922759083E0,-1.425867520E-2,-7.404886493E-3,-3.408342004E-3,1.642434040E-2
2.932703083E0,-2.159661107E-2,-5.388224755E-2,-1.073958099E-2,5.903430199E-2
2.942647083E0,-5.213236777E-2,-3.588201900E-2,-1.926949918E-2,6.615600242E-2
2.952591083E0,-5.658380737E-2,-4.539270713E-2,2.085000157E-2,7.547812717E-2
2.962535083E0,-2.406667596E-2,-3.242227175E-2,-3.004357874E-2,5.032916869E-2
2.972480083E0,-1.414109454E-1,1.131170363E-2,-1.163011193E-2,1.423385739E-1
2.982424083E0,-9.117146753E-2,3.091608839E-2,-3.662812829E-2,1.030032077E-1
2.992368083E0,-3.607260397E-2,-1.325249957E-2,5.258517981E-2,6.513111881E-2
3.002312083E0,-1.856730888E-1,-9.368212488E-3,-3.378462732E-2,1.889541224E-1
3.012256083E0,-1.976823379E-1,-5.836146142E-2,3.487864137E-3,2.061468702E-1
3.022200083E0,-1.222738674E-1,-6.700862086E-2,-2.121252894E-2,1.410355462E-1
3.032144083E0,-1.379007705E-1,-6.228385591E-2,-3.453424037E-2,1.552047518E-1
3.042088083E0,-1.428253960E-1,-5.313734426E-2,-8.542782068E-4,1.523922599E-1
3.052032083E0,-1.414600803E-1,-3.917390092E-2,-4.456630826E-2,1.534004715E-1
3.061976083E0,-1.390780525E-1,-3.130249798E-2,4.838687897E-2,1.505451465E-1
3.071920083E0,-8.132774393E-2,-5.098943354E-2,-6.911759734E-2,1.182851070E-1
3.081864083E0,-3.545614984E-2,-9.906458739E-2,1.246334016E-2,1.059540744E-1
3.091808083E0,-3.013109283E-2,-1.718957148E-2,-1.283405364E-2,3.698752568E-2
3.101752083E0,-1.088060487E-1,1.576976703E-2,-2.256323576E-2,1.122343147E-1
3.111696083E0,-2.022930593E-2,-3.502750782E-2,3.629951477E-3,4.061191537E-2
3.121640083E0,-2.902609013E-2,2.080269851E-2,-2.691122532E-2,4.471554788E-2
3.131585083E0,-1.717634581E-1,4.513754925E-2,-8.200135231E-3,1.777844935E-1
3.141529083E0,-1.325979123E-1,5.174022974E-3,-1.462388635E-3,1.327068779E-1
3.151473083E0,-8.435514897E-2,1.402541012E-2,-9.245032668E-3,8.601147549E-2
3.161417083E0,-7.852777731E-2,5.705132880E-2,-1.537993133E-2,9.827516581E-2
3.171361083E0,5.574951933E-2,-1.065177226E-2,-2.804909348E-3,5.682725292E-2
3.181305083E0,-1.118193747E-1,3.124468363E-2,2.136572599E-3,1.161222104E-1
3.191249083E0,-6.619737907E-2,1.916947068E-2,5.582336783E-3,6.914278044E-2
3.201193083E0,-1.387397180E-2,-1.806999771E-2,-3.662871301E-2,4.313553672E-2
3.211137083E0,-5.788540214E-3,-8.852556590E-3,-1.301590204E-3,1.065688008E-2
3.221081083E0,-4.198683192E-2,-1.868570495E-2,-1.672011316E-2,4.890410829E-2
3.231025083E0,-4.832018416E-2,1.276856939E-2,-1.657510221E-2,5.265558446E-2
3.240969083E0,-1.029241060E-1,8.273480329E-2,1.321295321E-2,1.327139835E-1
3.250913083E0,-4.146453851E-2,6.570541353E-2,3.932837248E-3,7.779445051E-2
3.260857083E0,-1.014666601E-1,7.344770264E-2,-1.604475975E-3,1.252701979E-1
3.270801083E0,-6.621847473E-2,4.796247161E-2,-2.051203251E-3,8.178931784E-2
3.280745083E0,-3.997780171E-2,5.614048335E-2,-2.285325766E-2,7.261026020E-2
3.290689083E0,-1.726339715E-2,-2.998422494E-2,-4.588310122E-3,3.490173658E-2
3.300634083E0,-3.356471262E-2,-7.216658226E-2,-1.087348223E-2,8.032955959E-2
3.310578458E0,-5.530670238E-2,-8.922407976E-2,-1.744224429E-3,1.049895712E-1
3.320522458E0,-3.081141409E-2,-1.038972380E-1,2.429927409E-2,1.110604972E-1
3.330466458E0,-1.656246674E-4,-1.600859838E-1,4.959082067E-2,1.675911666E-1
3.340410458E0,-1.339794084E-1,-1.171087660E-3,-2.171527255E-1,2.551610462E-1
3.350354458E0,-1.273972800E-1,-2.601131142E-2,1.073765141E-1,1.686308721E-1
3.360298458E0,-1.568527248E-2,7.440947369E-4,-1.057468951E-2,1.893160077E-2
3.370242458E0,-2.503759241E-2,1.194093895E-1,9.343265891E-3,1.223633113E-1
3.380186458E0,2.498412237E-2,1.177152319E-1,-8.163297772E-3,1.206139363E-1
3.390130458E0,-2.586192877E-2,3.194712153E-2,1.519165099E-2,4.382059097E-2
3.400074458E0,2.525193398E-2,4.730584300E-2,-3.779289365E-2,6.560339749E-2
3.410018458E0,1.121115893E-1,1.956427651E-2,2.927700877E-3,1.138434926E-1
3.419962458E0,6.381843025E-2,-7.079922915E-3,-2.461326957E-2,6.876576464E-2
3.429906458E0,3.869584079E-2,-3.267779964E-2,5.477086902E-3,5.094315621E-2
3.439850458E0,1.584573515E-1,-1.089295163E-2,3.531718254E-3,1.588705815E-1
3.449795458E0,6.606033952E-2,2.307211254E-2,2.781520486E-3,7.002876332E-2
3.459739458E0,3.542435104E-3,1.937006216E-2,-4.553811550E-3,2.021102061E-2
3.469683458E0,6.068039406E-4,4.101827262E-2,-2.999738574E-2,5.082037043E-2
3.479627458E0,1.171924634E-1,3.717892687E-3,-1.113309860E-2,1.177787845E-1
3.489571458E0,1.409126347E-1,3.886361476E-2,6.682782769E-3,1.463263844E-1
3.499515458E0,6.985023519E-2,-1.218405796E-2,-9.629779458E-3,7.155584726E-2
3.509459458E0,7.973820576E-2,-4.067008006E-3,-5.885222554E-3,8.005846524E-2
3.519403458E0,1.232510285E-1,1.720148062E-2,-9.173111916E-3,1.247832238E-1
3.529347458E0,1.722007568E-1,-1.412910684E-2,-9.919801354E-3,1.730639615E-1
3.539291458E0,1.634477308E-1,4.368642108E-3,2.355843186E-3,1.635230740E-1
3.549235458E0,5.755802658E-2,3.983066201E-2,1.311530471E-3,7.000805791E-2
3.559179458E0,1.122513926E-1,5.011452106E-3,-7.068699002E-3,1.125853290E-1
3.569123458E0,7.955241049E-2,-6.425313419E-3,2.512548566E-3,7.985100855E-2
3.579067458E0,1.154130278E-2,-2.495465560E-2,-3.623519540E-3,2.773204644E-2
3.589011458E0,-6.080501284E-3,-8.170122569E-3,-1.375265121E-3,1.027690385E-2
3.598955458E0,6.589112659E-2,-1.608040036E-2,-6.310315132E-3,6.811783845E-2
3.608899458E0,1.094915890E-1,9.396978049E-4,1.809303939E-2,1.109804000E-1
3.618844458E0,7.132310313E-3,-8.547299956E-3,-1.304104507E-2,1.714628366E-2
3.628788458E0,-1.400801465E-2,3.198389960E-2,-1.274283707E-2,3.716953329E-2
3.638732458E0,8.660045237E-2,4.312404684E-2,2.707319319E-2,1.004603382E-1
3.648676458E0,-5.818247724E-2,3.815709752E-2,-1.648739398E-2,7.150523694E-2
3.658620458E0,-7.244971084E-2,2.325745557E-2,-1.753872335E-2,7.808634104E-2
3.668564458E0,-8.844672899E-2,9.226157125E-3,-3.921727538E-3,8.901306528E-2
3.678508458E0,-6.306346791E-2,2.486609769E-2,1.315623522E-3,6.780158306E-2
3.688452458E0,6.725193355E-3,5.139684286E-3,6.106247306E-3,1.043699365E-2
3.698396458E0,-8.162174011E-2,-1.144957458E-2,-1.290305078E-2,8.342475613E-2
3.708340458E0,-1.014981163E-2,-5.791602693E-2,-4.370793700E-3,5.896090814E-2
3.718284458E0,2.246658311E-2,5.418473133E-3,-1.527292728E-3,2.316117076E-2
3.728228458E0,4.531956668E-2,3.073418973E-2,1.298958957E-2,5.627773076E-2
3.738172458E0,3.792278863E-2,4.224567628E-3,-2.786549091E-2,4.724902595E-2
3.748116458E0,-2.056224091E-2,-5.937026601E-2,-1.213998914E-2,6.399229308E-2
3.758060458E0,-4.950810998E-2,-8.459864896E-2,-2.998452187E-3,9.806617702E-2
3.768004458E0,-5.243733661E-2,-7.132734693E-2,1.092844605E-2,8.920031180E-2
3.777949458E0,-2.800463181E-2,-2.497047963E-2,8.386076689E-3,3.844620316E-2
3.787893458E0,-1.999828152E-2,-2.651239953E-2,-2.304563105E-2,4.042202003E-2
3.797837458E0,-3.186305410E-2,-6.011668593E-5,-1.660492301E-2,3.593022820E-2
3.807781458E0,-5.789331415E-2,7.476272774E-3,-1.704872668E-2,6.081274175E-2
3.817725458E0,4.919935415E-2,-4.047963442E-4,-1.524778426E-2,5.150956449E-2
3.827669458E0,5.756074919E-2,-3.564517479E-4,-4.616961479E-3,5.774671626E-2
3.837613458E0,-3.008809067E-2,2.128802655E-2,8.405957222E-3,3.780388064E-2
3.847557458E0,1.569537491E-2,1.369670067E-2,-7.011396289E-3,2.197962877E-2
3.857501458E0,-2.224214139E-2,-1.822552451E-2,3.762683272E-3,2.900069625E-2
3.867445458E0,-9.670090528E-2,-4.409303097E-4,-8.065064549E-3,9.703764614E-2
3.877389458E0,-1.700141448E-2,-2.229356035E-3,-2.824205160E-4,1.714928232E-2
3.887333458E0,-4.934662633E-2,-2.425389878E-2,-3.424129486E-3,5.509143126E-2
3.897277458E0,-3.337041604E-2,-4.201987325E-2,-1.898941755E-2,5.691970128E-2
3.907221458E0,-3.319855815E-2,-8.791814069E-3,1.199848652E-2,3.637861923E-2
3.917165458E0,9.044651329E-2,-2.169824070E-3,-1.314746439E-2,9.142284026E-2
3.927109458E0,7.162648683E-2,4.551226898E-2,1.784102440E-2,8.671806268E-2
3.937054458E0,-4.162401218E-2,4.732472768E-2,6.613200903E-3,6.337130791E-2
3.946998458E0,-3.602803951E-2,9.914638446E-2,-4.609944820E-3,1.055901358E-1
3.956942458E0,1.415533251E-2,4.151236691E-2,-1.748025119E-2,4.721450229E-2
3.966886458E0,4.286914935E-2,1.841823138E-2,1.889761627E-2,5.033999517E-2
3.976830458E0,-3.681256226E-2,1.889546467E-2,-5.349617600E-3,4.172315585E-2
3.986774458E0,-1.105431103E-1,-5.717969346E-3,-1.156579256E-3,1.106969380E-1
3.996718458E0,-2.425753502E-2,1.183686582E-2,1.351350009E-2,3.018532893E-2
4.006662458E0,5.836704826E-2,2.700426914E-2,-5.646656156E-3,6.455871436E-2
4.016606458E0,-6.773104435E-2,3.243646952E-3,-8.192533851E-3,6.830178054E-2
4.026550458E0,-1.692471089E-1,-2.724548506E-2,1.395847321E-2,1.719934281E-1
4.036494458E0,-1.380872784E-1,-9.516389156E-3,9.338003397E-4,1.384179544E-1
4.046438458E0,-1.913183837E-2,1.666408496E-2,-2.466121674E-2,3.538212229E-2
4.056382458E0,-2.549823652E-2,-3.790369382E-2,-1.059281588E-2,4.689411284E-2
4.066326458E0,-1.764083218E-1,-5.057899098E-2,1.982206106E-3,1.835267269E-1
4.076270458E0,-1.937413693E-1,-5.242941546E-2,-2.810756564E-3,2.007298238E-1
4.086214458E0,-1.031721833E-1,-2.987904358E-2,-6.853521466E-3,1.076300488E-1
4.096159458E0,-7.851140510E-2,2.028191260E-2,-5.806285143E-3,8.129643078E-2
4.106103458E0,-1.740100132E-1,-4.183957801E-2,-6.406794190E-3,1.790840082E-1
4.116047458E0,-2.174501295E-1,-5.299650859E-2,5.265417695E-3,2.238770050E-1
4.125991458E0,-1.400682420E-1,-7.042148989E-2,1.020163715E-2,1.571062445E-1
4.135935458E0,-1.326420588E-1,-3.559491615E-2,9.603466988E-3,1.376704050E-1
4.145879458E0,-1.687806473E-1,-4.884237250E-2,-3.215734720E-2,1.786241283E-1
4.155823458E0,-1.711144537E-1,-5.001132227E-2,-4.038613379E-2,1.827903948E-1
4.165767458E0,-1.167138231E-1,8.525560191E-3,1.021099269E-2,1.174694260E-1
4.175711458E0,6.392909337E-2,2.971222891E-2,-1.194352269E-2,7.150100182E-2
4.185655458E0,1.268008000E-1,5.906419168E-2,-7.303172350E-3,1.400726881E-1
4.195599458E0,-8.011685866E-3,7.271636215E-2,6.471698284E-3,7.344208135E-2
4.205543458E0,-1.907560734E-1,1.067021748E-1,3.776131868E-3,2.186035059E-1
4.215487458E0,-6.946007059E-2,1.890783976E-2,-2.706559181E-2,7.690743833E-2
4.225431458E0,5.345494857E-2,-6.726115662E-2,1.663883686E-2,8.751197409E-2
4.235375458E0,-6.224545615E-2,-3.591098556E-2,4.055628777E-3,7.197599475E-2
4.245319458E0,-1.346801241E-1,1.875045829E-2,-2.349528193E-2,1.379939991E-1
4.255263458E0,-1.414328816E-1,-5.838463102E-3,-2.603765130E-2,1.439281311E-1
4.265208458E0,-5.756497929E-2,-6.390984781E-2,-3.037043810E-2,9.121709817E-2
4.275152458E0,-2.280936699E-2,-1.116298336E-1,-1.479754865E-2,1.148932305E-1
4.285096458E0,-1.495140808E-1,-1.044432127E-1,1.713234186E-4,1.823811240E-1
4.295040458E0,-1.273459889E-1,-1.069383292E-1,-1.359886944E-2,1.668464456E-1
4.304984458E0,7.845798531E-3,-6.710222656E-2,1.169969380E-2,6.856491959E-2
4.314927833E0,-4.545951156E-2,-1.740953643E-3,-1.569217265E-2,4.812320016E-2
4.324871833E0,-1.863449339E-1,2.776086687E-2,-2.871333718E-2,1.905769027E-1
4.334815833E0,-1.634438935E-1,3.816743522E-2,7.963907719E-3,1.680300071E-1
4.344759833E0,-7.550813353E-2,4.907965068E-2,-5.205776095E-3,9.020748553E-2
4.354703833E0,-5.171839404E-3,-5.108890473E-2,6.775168777E-3,5.179504823E-2
4.364647833E0,-6.684148185E-2,5.269730017E-3,5.129762292E-3,6.724483781E-2
4.374591833E0,-1.126678240E-1,7.274656667E-2,-3.887696743E-2,1.396335208E-1
4.384535833E0,-6.176633164E-3,-2.558298003E-2,-5.496382713E-3,2.688586780E-2
4.394479833E0,1.096702854E-1,-9.854896347E-2,-1.282996058E-2,1.480002621E-1
4.404423833E0,7.596126990E-4,-1.026437595E-1,-2.120843589E-2,1.048146751E-1
4.414367833E0,-8.537928879E-2,-4.583597175E-2,-3.273563683E-2,1.022848042E-1
4.424312833E0,-6.685639682E-2,-2.108426022E-2,2.369408727E-2,7.399819995E-2
4.434256833E0,-2.119115006E-2,5.004916015E-2,1.755977333E-2,5.711680061E-2
4.444200833E0,-1.690198897E-2,7.847935505E-2,-2.809704065E-2,8.505368948E-2
4.454144833E0,-4.128845053E-2,3.614059841E-2,-4.321794033E-2,6.984747216E-2
4.464088833E0,-2.710786079E-2,1.474693369E-2,2.922613800E-2,4.250265064E-2
4.474032833E0,1.982059012E-2,3.529989671E-2,1.829593778E-3,4.052512694E-2
4.483976833E0,1.150991145E-1,3.704513070E-2,-1.583425999E-2,1.219461835E-1
4.493920833E0,5.204388295E-2,-2.039929545E-2,3.685032248E-2,6.695254495E-2
4.503864833E0,-7.633083221E-4,1.906996752E-2,-9.706377983E-3,2.141168079E-2
4.513808833E0,3.236395034E-2,7.376288127E-2,-1.883329690E-2,8.272291706E-2
4.523752833E0,1.551582428E-1,3.410585416E-2,-1.209555030E-2,1.593222895E-1
4.533696833E0,8.803760662E-2,-6.993539440E-3,-1.374154150E-2,8.937762436E-2
4.543640833E0,-5.607463822E-2,-4.217821859E-2,-1.762993991E-2,7.234764652E-2
4.553584833E0,4.524601510E-2,-5.492860680E-2,2.039216459E-2,7.402833311E-2
4.563528833E0,3.058838393E-1,2.142707608E-2,1.964138210E-2,3.072618209E-1
4.573472833E0,1.485016080E-1,6.280842424E-2,-1.883095801E-2,1.623337017E-1
4.583416833E0,-6.979461355E-2,-6.468989379E-3,-3.035874367E-2,7.638579201E-2
4.593361833E0,-2.748584216E-3,-5.973430086E-2,1.483964860E-2,6.161133488E-2
4.603305833E0,2.076942420E-2,4.546946097E-2,-1.225693345E-2,5.146914882E-2
4.613249833E0,5.487362013E-2,-2.280214477E-2,-2.303393662E-2,6.373079497E-2
4.623193833E0,-5.848928704E-3,-8.395779412E-3,1.768665791E-2,2.043323143E-2
4.633137833E0,1.330241561E-5,-2.036734590E-2,-7.607227564E-3,2.174163902E-2
4.643081833E0,1.467180702E-1,-2.644492814E-2,1.334919333E-2,1.496787470E-1
4.653025833E0,1.945020738E-1,-1.161828137E-1,1.514604270E-2,2.270658617E-1
4.662969833E0,-2.035943845E-2,-1.094220163E-1,-1.957823217E-2,1.130088119E-1
4.672913833E0,-7.734044535E-2,-3.899806418E-2,-1.748317480E-2,8.836319878E-2
4.682857833E0,1.752091858E-1,3.518340921E-2,1.754106224E-2,1.795656424E-1
4.692801833E0,9.761423123E-2,8.407943448E-2,-6.559991241E-3,1.289997013E-1
4.702745833E0,-7.401184932E-2,1.325903932E-1,-1.793457985E-2,1.529039416E-1
4.712689833E0,9.311188431E-4,5.213744754E-2,3.056631982E-2,6.044402639E-2
4.722633833E0,-4.466242187E-2,-1.234855201E-2,-1.957472384E-2,5.030296688E-2
4.732577833E0,9.686395124E-2,9.581713518E-4,-3.423895597E-2,1.027416627E-1
4.742521833E0,4.513352472E-2,-4.589835880E-4,4.233384132E-3,4.533395263E-2
4.752466833E0,-2.034693089E-2,-2.317114519E-2,1.388128996E-3,3.086788733E-2
4.762410833E0,-7.600071577E-2,9.666415919E-3,-2.351750135E-3,7.664906472E-2
4.772354833E0,3.298661029E-2,-2.957658721E-2,-9.981197119E-3,4.541492338E-2
4.782298833E0,1.159488246E-1,-5.441750990E-2,-1.301005483E-3,1.280901554E-1
4.792242833E0,4.009769247E-3,9.877422745E-3,-2.031147301E-2,2.293899879E-2
4.802186833E0,1.875320831E-3,8.903271136E-2,1.725805700E-2,9.070932175E-2
4.812130833E0,6.940110507E-2,1.293526528E-1,2.758540928E-2,1.493639079E-1
4.822074833E0,7.420936187E-2,1.036151738E-1,1.396198153E-2,1.282110392E-1
4.832018833E0,2.672990682E-3,7.726452291E-2,-1.972090423E-2,7.978637380E-2
4.841962833E0,-5.813796988E-2,4.301010836E-2,6.309145689E-4,7.232075093E-2
4.851906833E0,-2.987630269E-2,1.286959831E-2,-2.541375339E-2,4.128049037E-2
4.861850833E0,8.565811875E-2,-2.564292770E-2,-3.019969940E-2,9.437634711E-2
4.871794833E0,2.788551763E-2,1.660041426E-2,-1.537232995E-2,3.590939118E-2
4.881738833E0,4.055524623E-2,-2.787192285E-2,1.741359293E-2,5.219966761E-2
4.891682833E0,8.606235322E-2,-8.579054905E-2,2.744566083E-2,1.245793372E-1
4.901626833E0,7.128369838E-2,-8.419771269E-3,-2.284857988E-2,7.532805457E-2
4.911570833E0,9.459488438E-3,-5.903765080E-2,-2.015535235E-2,6.309646870E-2
4.921515833E0,-6.208431511E-2,8.036728394E-3,-1.461745441E-2,6.428624393E-2
4.931459833E0,-6.210303077E-2,-6.103958669E-3,4.390674233E-3,6.255655651E-2
4.941403833E0,2.060888615E-2,-3.724383096E-2,1.427422285E-2,4.489523996E-2
4.951347833E0,7.063222719E-2,-2.052655462E-2,-3.452020705E-2,8.125205017E-2
4.961291833E0,-4.403420250E-2,-1.706682564E-2,2.924601853E-2,5.554833145E-2
4.971235833E0,-2.761839580E-2,-3.667480095E-2,-2.973016798E-2,5.469643224E-2
4.981179833E0,1.753552109E-2,1.716482132E-3,-9.370747805E-3,1.995624526E-2
4.991123833E0,-1.846747133E-3,-1.241632489E-2,4.997615218E-3,1.351117155E-2
5.001067833E0,-9.115372488E-2,2.328498317E-3,-1.506242752E-2,9.241915487E-2
5.011011833E0,-1.083413047E-1,-2.142648222E-2,-2.038339376E-3,1.104585319E-1
5.020955833E0,4.264584510E-3,-1.153572965E-2,1.562668383E-2,1.988599978E-2
5.030899833E0,3.880792460E-3,-1.891199220E-2,-2.688666701E-2,3.310010366E-2
5.040843833E0,-1.606520673E-2,-1.500071199E-3,1.457476974E-2,2.174315970E-2
5.050787833E0,-4.772881596E-2,1.386880981E-2,-3.856589556E-2,6.291034937E-2
5.060731833E0,-8.880341828E-2,2.641933744E-2,1.322932541E-2,9.358976194E-2
5.070675833E0,5.356095219E-3,1.420807166E-2,3.349869847E-3,1.554923420E-2
5.080620833E0,2.022532251E-2,2.291395450E-2,-5.008549511E-2,5.867426865E-2
5.090564833E0,-5.247410098E-3,1.758793589E-2,1.846843064E-2,2.603754466E-2
5.100508833E0,2.993620468E-2,-9.509578063E-3,1.876897752E-2,3.659074941E-2
5.110452833E0,2.161084676E-1,-1.573533241E-1,-4.155674636E-2,2.705363220E-1
5.120396833E0,-7.293928267E-2,2.654076309E-2,2.356194019E-2,8.111544913E-2
5.130340833E0,-1.501764699E-1,7.099033261E-2,-9.212288260E-3,1.663654582E-1
5.140284833E0,-1.067965160E-2,1.012767444E-2,-2.612068176E-2,2.998190727E-2
5.150228833E0,9.774697216E-2,1.646356657E-3,-2.866363585E-2,1.018763225E-1
5.160172833E0,6.881877264E-2,1.951983767E-2,1.400174260E-2,7.289098934E-2
5.170116833E0,6.786082056E-3,-1.467930699E-2,-8.446303010E-3,1.824480742E-2
5.180060833E0,-1.411292649E-2,-5.653069820E-3,3.751164258E-2,4.047536561E-2
5.190004833E0,3.594581761E-2,1.253580452E-2,-4.391434371E-2,5.811813643E-2
5.199948833E0,-1.852623128E-2,-7.973030289E-3,1.252122760E-2,2.373966297E-2
5.209892833E0,-2.240894236E-2,-3.418218317E-2,-2.654869795E-2,4.873823659E-2
5.219836833E0,-7.851384449E-2,-2.344158805E-2,-2.280589521E-2,8.505316386E-2
5.229780833E0,-2.112911933E-2,1.514262574E-2,-9.181882739E-3,2.756892759E-2
5.239725833E0,1.636707838E-2,2.217876306E-4,9.824491739E-3,1.909060194E-2
5.249669833E0,-5.029776275E-2,-4.492954826E-3,-8.000745177E-3,5.112791316E-2
5.259613833E0,-6.407132233E-2,1.360067843E-2,3.092066109E-2,7.243065705E-2
5.269557833E0,9.710180501E-2,-5.226433212E-3,-8.238726854E-2,1.274509245E-1
5.279501833E0,8.589547003E-2,-4.197099418E-3,2.673814774E-2,9.005873616E-2
5.289445833E0,6.420356076E-2,2.158033251E-2,1.176752150E-2,6.874796381E-2
5.299389833E0,1.232138073E-1,1.624179721E-2,1.311004221E-2,1.249692422E-1
5.309333833E0,9.633164448E-2,-2.487971988E-3,-9.350867271E-3,9.681639557E-2
5.319277833E0,4.990917415E-2,1.165019346E-2,-2.178087831E-2,5.568715590E-2
5.329221833E0,-2.115627690E-2,-1.905570122E-2,6.788500428E-2,7.361441169E-2
5.339165833E0,1.369630964E-1,-3.392545385E-2,-8.031033754E-2,1.623563257E-1
5.349109833E0,9.092425821E-2,-6.524415045E-2,3.927574754E-2,1.186027160E-1
5.359053833E0,-1.093789113E-1,1.502274868E-1,-3.602586508E-2,1.892878945E-1
5.368997833E0,6.460236828E-3,1.137135254E-1,-1.761064410E-2,1.152503159E-1
5.378941833E0,2.325767302E-1,-5.310290964E-2,-2.254510939E-2,2.396249912E-1
5.388885833E0,1.094350081E-1,-1.847825213E-3,-6.668164730E-3,1.096535447E-1
5.398829833E0,1.380746886E-1,-1.658106363E-2,8.012439609E-3,1.392973456E-1
5.408774833E0,1.867165975E-1,-1.211649521E-2,3.827587366E-3,1.871484643E-1
5.418718833E0,1.349606260E-1,2.129174501E-2,-2.984769702E-2,1.398520432E-1
5.428662833E0,5.905632991E-3,-8.161625834E-3,3.212752640E-2,3.366996570E-2
5.438606833E0,3.173113543E-2,-9.187122392E-3,-1.068461716E-2,3.471929172E-2
5.448550833E0,7.990527168E-2,2.137863098E-2,4.140647292E-2,9.250078002E-2
5.458494833E0,1.079637938E-1,-3.296728707E-3,-3.598493457E-2,1.138506245E-1
5.468438833E0,-4.649424490E-2,3.247260349E-2,-2.326373219E-2,6.129752052E-2
5.478382833E0,-5.038535678E-2,1.306701493E-2,1.280364811E-2,5.360377283E-2
5.488326833E0,-3.841379029E-2,5.116138279E-2,2.627446353E-2,6.916251736E-2
5.498270833E0,7.736417226E-2,-1.659672320E-2,-5.634610891E-2,9.713676111E-2
5.508214833E0,6.277966782E-2,-8.553690780E-2,3.227136791E-2,1.109021662E-1
5.518158833E0,-1.508387218E-1,-1.243576689E-2,1.924961865E-2,1.525697091E-1
5.528102833E0,3.359417254E-3,-1.529408233E-2,-1.278493702E-2,2.021507490E-2
5.538046833E0,8.620621299E-2,-9.081433970E-3,-2.147389948E-2,8.930348235E-2
5.547990833E0,-6.363247509E-2,8.495839890E-3,-2.465186119E-3,6.424444197E-2
5.557934833E0,-1.670611090E-1,6.867589958E-2,-3.359517753E-2,1.837237853E-1
5.567879833E0,1.069186040E-1,-4.370917954E-2,4.229934275E-2,1.230094088E-1
5.577823833E0,1.743221632E-1,3.641307866E-4,-9.339757562E-3,1.745725644E-1
5.587767833E0,1.291855138E-1,1.435302779E-2,-3.912781298E-2,1.357420058E-1
5.597711833E0,-2.791278027E-3,4.027827093E-3,-1.410933137E-3,5.099544728E-3
5.607655833E0,-2.554528833E-2,-3.582051361E-2,-3.062186837E-3,4.410269764E-2
5.617599833E0,-2.892961107E-2,-1.101978596E-2,1.130617619E-2,3.295736184E-2
5.627543833E0,8.610271728E-3,9.495626972E-3,-2.312339902E-2,2.643851912E-2
5.637487833E0,7.387453111E-2,-2.254345573E-2,-1.818484068E-2,7.934949385E-2
5.647431833E0,-1.756312177E-2,-2.260698481E-2,4.617897034E-2,5.433264497E-2
5.657375833E0,-5.006967109E-2,6.593873114E-3,-2.358065128E-2,5.573596900E-2
5.667319833E0,2.913671671E-2,8.922622679E-3,-9.813382030E-3,3.201349595E-2
5.677263833E0,4.380804773E-2,3.629832705E-2,-2.464016676E-2,6.199880169E-2
5.687207833E0,-1.130522236E-1,3.167396519E-2,3.945701122E-3,1.174717578E-1
5.697151833E0,-2.606017679E-2,-1.140538242E-2,-2.659898400E-2,3.894510896E-2
5.707095833E0,-1.707849266E-2,2.065853724E-2,2.024072170E-2,3.358774907E-2
5.717039833E0,-7.678368079E-2,6.077204003E-2,-1.583659887E-2,9.919562666E-2
5.726984833E0,6.480132436E-2,-4.863663730E-3,-5.160927951E-2,8.298424306E-2
5.736928833E0,1.762698707E-1,-1.099219898E-1,2.952902377E-2,2.098234362E-1
5.746872833E0,2.957952544E-1,-1.335273547E-1,-1.058053672E-2,3.247096160E-1
5.756816833E0,1.625890489E-1,3.807196115E-2,-2.838530838E-2,1.693824040E-1
5.766760833E0,1.682437998E-1,5.281579308E-2,-5.626775622E-3,1.764288660E-1
5.776704833E0,1.449721921E-1,-7.166448003E-4,-1.056182563E-2,1.453581860E-1
5.786648833E0,3.442948384E-2,2.763375388E-2,-1.086061835E-2,4.546390593E-2
5.796592833E0,1.158886622E-2,-1.545589488E-2,2.446416557E-2,3.117181265E-2
5.806536833E0,6.329647489E-3,2.163797327E-2,-2.179841995E-3,2.264990145E-2
5.816480833E0,7.092250034E-2,-1.703206668E-2,5.006970763E-3,7.311061555E-2
5.826424833E0,-1.134347503E-2,1.320520108E-2,-1.549862981E-2,2.330792327E-2
5.836368833E0,-1.164573862E-1,7.281240723E-3,-1.040687442E-2,1.171479504E-1
5.846312833E0,-7.907280176E-2,-1.680510792E-2,1.998052061E-2,8.327148872E-2
5.856256833E0,-2.271977212E-2,8.972205240E-3,7.858657837E-3,2.566022243E-2
5.866200833E0,-3.514521501E-2,1.341835036E-2,-6.444099426E-2,7.461822838E-2
5.876144833E0,-7.873325212E-2,1.774344442E-2,-3.815308213E-3,8.079796647E-2
5.886088833E0,-8.077246858E-2,-3.485268978E-2,-5.912119746E-3,8.816946651E-2
5.896033833E0,-7.692119999E-2,1.273061730E-2,2.173410058E-3,7.799784187E-2
5.905977833E0,-1.104636338E-2,-1.387044063E-2,-2.836075008E-2,3.344762192E-2
5.915921833E0,-6.894698655E-2,-3.304921204E-2,6.782770157E-4,7.646173835E-2
5.925865833E0,-1.889850797E-1,-9.530075295E-3,1.924201727E-2,1.902010460E-1
5.935809833E0,-7.528968978E-2,-9.891081476E-3,-3.883603692E-2,8.529131634E-2
5.945753833E0,6.207573158E-3,-5.483290432E-3,6.672842503E-3,1.063613020E-2
5.955697833E0,-5.143669072E-2,-1.111985557E-2,-1.054077566E-2,5.367021792E-2
5.965641833E0,-1.168664080E-1,-2.363480198E-2,1.834914744E-2,1.206360328E-1
5.975585833E0,-1.190327375E-1,1.362265573E-2,-7.544662356E-3,1.200470377E-1
5.985529833E0,-1.677628297E-2,1.393863835E-2,-3.578495979E-4,2.181415517E-2
5.995473833E0,3.178975377E-2,-7.987863030E-3,-1.817080736E-2,3.747762853E-2
6.005417833E0,-1.134684722E-1,8.582460908E-3,9.071370363E-3,1.141535921E-1
6.015361833E0,-6.539372953E-2,-6.759573156E-3,-1.398420095E-2,6.721301636E-2
6.025305833E0,1.669992199E-3,-5.946919816E-3,-2.309650183E-3,6.594635184E-3
6.035249833E0,1.928036221E-2,6.435523205E-3,-2.461677790E-3,2.047457407E-2
6.045193833E0,-7.066557460E-2,-7.290299339E-3,7.566297054E-3,7.144242961E-2
6.055137833E0,-9.833644459E-2,-7.720997022E-3,-1.715573072E-3,9.865400813E-2
6.065082833E0,-1.823494858E-2,-1.054682844E-2,-1.234054863E-2,2.441389113E-2
6.075026833E0,6.702333026E-2,-1.415546956E-2,-1.697914481E-2,7.057475098E-2
6.084970833E0,2.240680447E-3,-8.654441047E-3,2.331284881E-3,9.238770908E-3
6.094914833E0,-7.402660440E-2,2.062390619E-3,1.311004221E-2,7.520681366E-2
6.104858833E0,-1.500108657E-2,-4.951997800E-3,-2.159376740E-3,1.594420862E-2
6.114802833E0,4.815221376E-2,9.758399930E-3,-1.548225760E-2,5.151273978E-2
6.124746833E0,4.239728361E-2,2.159833554E-3,-3.239825249E-2,5.340263386E-2
6.134690833E0,3.079902073E-3,-9.849292156E-3,3.720349431E-2,3.860821599E-2
6.144634833E0,-1.938381225E-2,8.835101738E-3,-8.180254698E-4,2.131807603E-2
6.154578833E0,3.173273428E-2,-1.263497878E-2,-9.053828716E-3,3.533526465E-2
6.164522833E0,-6.463635522E-3,3.266400844E-4,-8.305969834E-3,1.052969196E-2
6.174466833E0,-1.073650206E-2,1.320145978E-4,1.563896298E-2,1.897016256E-2
6.184410833E0,2.614061711E-3,5.998836695E-3,1.458704889E-2,1.598753751E-2
6.194354833E0,-4.106436512E-2,5.788081116E-2,-8.301175117E-2,1.092127338E-1
6.204298833E0,-5.949861696E-4,-2.463523317E-3,3.090195000E-2,3.100570060E-2
6.214243833E0,4.989217155E-2,-3.095807870E-2,-1.924552560E-2,6.179014221E-2
6.224187833E0,-1.273889020E-2,-1.980520920E-2,-2.034246325E-3,2.363606975E-2
6.234131833E0,1.859668566E-2,-6.132600890E-3,-2.508806348E-2,3.182540558E-2
6.244075833E0,8.557221036E-2,3.485780152E-2,-3.796363235E-2,9.989447880E-2
6.254019833E0,9.991600594E-2,-6.787562133E-3,4.406461716E-2,1.094119268E-1
6.263963833E0,2.600757012E-2,2.868950064E-3,-3.018332720E-2,3.994568586E-2
6.273907833E0,4.657125912E-2,2.260560523E-2,-1.042733967E-2,5.280743297E-2
6.283851833E0,1.161173706E-1,3.683323308E-3,7.083901763E-3,1.163915473E-1
6.293795833E0,6.243497903E-2,-9.414179369E-3,-7.738205194E-3,6.361315272E-2
6.303739833E0,-1.179639944E-1,-1.086688584E-2,-2.555467129E-2,1.211884252E-1
6.313683833E0,-6.268306542E-4,-5.387371884E-2,2.114528596E-2,5.787826550E-2
6.323627833E0,2.083461152E-2,-4.332599505E-3,-3.798585176E-2,4.354052583E-2
6.333571833E0,-2.646041413E-2,3.134363405E-2,-5.803361535E-3,4.142771918E-2
6.343515833E0,-4.405941405E-2,3.100756533E-2,-2.885308564E-2,6.111629590E-2
6.353459833E0,-2.434346625E-3,-1.902304818E-2,2.728895545E-3,1.937135195E-2
6.363403833E0,4.479077739E-2,-4.035793011E-2,1.290422022E-2,6.165626620E-2
6.373347833E0,-1.083714635E-1,-2.380811254E-2,-1.793165624E-2,1.123954831E-1
6.383291833E0,-7.915015860E-2,-2.563366808E-2,5.567134023E-3,8.338360466E-2
6.393236833E0,3.627075378E-2,-5.848371391E-3,-1.464435160E-2,3.955032315E-2
6.403180833E0,-2.807979137E-3,1.563466437E-2,-2.272812724E-2,2.772896040E-2
6.413124833E0,-1.541803873E-2,-1.267834411E-2,2.352510273E-2,3.085266255E-2
6.423068833E0,5.678925477E-4,2.212707230E-2,-6.562914848E-3,2.308682919E-2
6.433012833E0,2.191761636E-2,1.832560098E-2,-2.392622173E-2,3.726491170E-2
6.442956833E0,1.084230469E-2,-3.591207506E-2,1.978288472E-2,4.240984832E-2
6.452900833E0,-7.410930139E-3,-1.472217210E-2,-4.697945416E-2,4.978687930E-2
6.462844833E0,3.339599761E-2,8.158955758E-3,7.507240176E-3,3.518834851E-2
6.472788833E0,3.584408519E-2,-3.281338653E-3,3.615333438E-3,3.617507792E-2
6.482732833E0,2.657376332E-2,-2.345847417E-2,-2.482435405E-2,4.327485946E-2
6.492676833E0,4.518800433E-2,-1.351950034E-2,-2.759885788E-4,4.716787884E-2
6.502620833E0,3.838648197E-2,2.459417704E-2,1.753170669E-2,4.884420418E-2
6.512564833E0,3.687973215E-2,1.009374460E-2,-3.321335435E-2,5.064706537E-2
6.522508833E0,-7.909726870E-2,3.949023985E-2,-1.300420761E-2,8.935863906E-2
6.532452833E0,-4.159198954E-2,-5.464382912E-3,3.314786553E-3,4.208017211E-2
6.542397833E0,4.750344691E-2,-9.881883531E-3,-9.858990312E-3,4.951190544E-2
6.552341833E0,-1.246007395E-2,-1.412649615E-2,-1.025601625E-3,1.886433658E-2
6.562285833E0,1.138954926E-2,-1.894152292E-2,-1.988813460E-2,2.973282732E-2
6.572229833E0,-3.283362337E-3,-6.124307436E-3,-2.376893163E-3,7.344197092E-3
6.582173833E0,-3.475371195E-2,8.701922265E-3,-2.827128768E-3,3.593795490E-2
6.592117833E0,-1.270133554E-2,-1.747564879E-2,-2.902207017E-2,3.618014348E-2
6.602061833E0,-6.588390436E-2,-2.155230699E-2,1.109450698E-2,7.020170137E-2
6.612005833E0,1.143303336E-2,-1.671470448E-2,-1.405319810E-2,2.464929968E-2
6.621949833E0,-1.498068527E-2,2.528786010E-3,-3.201584458E-2,3.543769172E-2
6.631893833E0,-7.840392597E-2,-1.523681616E-2,1.438356578E-2,8.115554903E-2
6.641837833E0,-6.420850805E-2,-1.753113339E-2,-5.526788235E-3,6.678786217E-2
6.651781833E0,-1.715207621E-2,5.229729123E-3,2.111838877E-2,2.770433413E-2
6.661725833E0,4.547936012E-2,-2.393930031E-3,-3.875709951E-2,5.980147039E-2
6.671669833E0,-5.600803935E-2,1.672669128E-4,-1.989690542E-2,5.943749066E-2
6.681613833E0,4.600635870E-2,9.796715181E-3,-1.840001822E-2,5.050862639E-2
6.691557833E0,1.309904031E-1,2.712159717E-2,-1.690196157E-2,1.348322775E-1
6.701501833E0,9.829893105E-2,-9.632785292E-4,2.905247569E-2,1.025068490E-1
6.711446833E0,3.027764553E-2,-2.084236136E-2,-2.378822744E-2,4.378378251E-2
6.721390833E0,2.252855446E-2,-1.259754518E-2,-1.031448841E-2,2.779608933E-2
6.731334833E0,1.293894538E-1,2.129448589E-3,-1.225810289E-2,1.299862546E-1
6.741278833E0,7.518342120E-2,6.199536891E-2,7.651666403E-3,9.774722803E-2
6.751222833E0,2.380620306E-2,-4.200018458E-3,5.553100705E-3,2.480347529E-2
6.761166833E0,7.969645299E-3,-4.276769559E-2,5.850139260E-3,4.389550275E-2
6.771110833E0,-4.285762394E-3,-2.580269373E-2,6.597998142E-3,2.697555083E-2
6.781054833E0,-7.930256993E-2,-3.936712399E-2,1.737617075E-2,9.022527006E-2
6.790998833E0,-1.314599163E-1,-6.856863059E-3,-2.513367176E-2,1.340165199E-1
6.800942833E0,-1.461203020E-1,-3.944378647E-3,-3.007223010E-2,1.492348478E-1
6.810886833E0,-2.547711802E-2,1.272942502E-2,-4.175496697E-3,2.878465870E-2
6.820830833E0,-1.366703975E-2,-1.678646307E-2,-8.516469598E-3,2.326163305E-2
6.830774833E0,2.448430192E-3,-3.374465840E-2,-1.255806506E-2,3.608880407E-2
6.840718833E0,-7.942051923E-2,-2.525761903E-3,-1.240837634E-2,8.042366661E-2
6.850662833E0,-4.945715697E-2,4.869801023E-3,-1.779833972E-2,5.278736814E-2
6.860606833E0,-5.103083457E-2,-3.635751184E-2,-6.123204231E-3,6.295640058E-2
6.870551833E0,-6.761631102E-2,4.630910286E-3,1.648914814E-4,6.777490712E-2
6.880495833E0,-4.905505126E-2,8.024773579E-3,-1.241013050E-2,5.123286430E-2
6.890439833E0,-4.027489965E-2,1.079944871E-2,-2.865135670E-4,4.169865375E-2
6.900383833E0,-6.586378172E-2,-3.240675836E-2,3.006638288E-3,7.346615277E-2
6.910327833E0,-7.050460714E-2,-6.632046753E-3,-2.258837879E-2,7.433114104E-2
6.920271833E0,-1.917693502E-2,1.710419528E-2,5.853062868E-3,2.635463295E-2
6.930215833E0,-4.961620581E-2,7.254290998E-3,-7.367491722E-4,5.014913176E-2
6.940159833E0,-9.094596600E-2,8.787771268E-3,-4.181928635E-3,9.146519657E-2
6.950103833E0,-2.113478838E-2,4.116866027E-2,8.837481737E-3,4.711304439E-2
6.960047833E0,-3.744076336E-2,8.532279921E-3,3.005468845E-4,3.840183446E-2
6.969991833E0,-1.134501449E-1,2.702181535E-2,-1.152720094E-2,1.171921083E-1
6.979935833E0,-9.110919468E-2,1.036176863E-2,-1.032852173E-2,9.227637816E-2
6.989879833E0,-3.338522138E-2,-7.342559743E-2,-2.230069578E-2,8.368519819E-2
6.999823833E0,-1.298392508E-2,-6.395078746E-2,9.434482455E-3,6.593401994E-2
7.009767833E0,2.930693921E-2,-7.528954817E-3,-1.945719481E-2,3.597449480E-2
7.019711833E0,8.536774968E-3,8.005774696E-4,-2.964129031E-2,3.085649919E-2
7.029656833E0,-4.235096270E-2,1.027091523E-2,2.304680049E-2,4.929757352E-2
7.039600833E0,-6.795216960E-2,1.912543612E-2,1.720777094E-2,7.265939059E-2
7.049544833E0,-5.388269523E-2,2.495991581E-2,-1.707153082E-2,6.178818178E-2
7.059488833E0,-6.847201905E-2,-2.396941803E-2,1.421224236E-2,7.392522051E-2
7.069432833E0,-5.242438138E-2,-1.673645110E-2,-4.371846199E-2,7.028320195E-2
7.079376833E0,-6.414136557E-2,-7.535370765E-4,1.959811270E-2,6.707286051E-2
7.089320833E0,-1.641237603E-2,-1.808263546E-2,-1.093897104E-2,2.675834224E-2
7.099264833E0,-7.763987761E-2,-1.076070862E-2,-1.123893321E-2,7.918369191E-2
7.109208833E0,-9.362305887E-2,-3.407628689E-2,-5.251384377E-3,9.976997303E-2
7.119152833E0,-2.686721132E-2,-7.547629362E-3,-9.290056229E-3,2.941290359E-2
7.129096833E0,7.727767001E-3,-5.978355452E-3,-7.044140697E-3,1.204487588E-2
7.139040833E0,-4.924105668E-2,1.909044419E-2,-6.069409847E-4,5.281567096E-2
7.148984833E0,-7.142764038E-2,-9.941408643E-4,-9.291810393E-3,7.203633713E-2
7.158928833E0,-3.808318963E-3,4.541713296E-2,-4.671574473E-2,6.526545844E-2
7.168872833E0,-5.467250789E-2,1.681462563E-2,3.262103140E-2,6.584790387E-2
7.178816833E0,-2.024274996E-2,-1.847487400E-2,-9.440329671E-3,2.898637127E-2
7.188760833E0,-4.886294739E-2,-1.728630407E-2,-1.497998178E-2,5.395186549E-2
7.198705833E0,-1.257535272E-1,-4.324335745E-4,-1.363278329E-2,1.264910644E-1
7.208649833E0,-7.169956332E-2,4.458099939E-2,-1.872219980E-2,8.648013444E-2
7.218593833E0,-5.249465303E-2,-1.470089372E-2,-2.107336521E-3,5.455497906E-2
7.228537833E0,-1.174176634E-1,-8.601631096E-3,6.575778723E-3,1.179158030E-1
7.238481833E0,-3.507412566E-2,3.229309397E-2,-2.291231453E-2,5.289624151E-2
7.248425833E0,7.955707912E-2,2.997285028E-2,-2.216387093E-2,8.785748555E-2
7.258369833E0,2.201779561E-2,-1.034009739E-2,-4.053874612E-3,2.466039004E-2
7.268313833E0,-6.778510369E-2,-2.067396841E-2,-6.148347259E-3,7.113392598E-2
7.278257833E0,-5.671509563E-2,9.935632234E-3,-8.693640232E-3,5.823141970E-2
7.288201833E0,1.566034643E-2,-1.356897098E-2,4.181343913E-3,2.113875732E-2
7.298145833E0,1.188404829E-1,4.422007087E-3,-1.803866029E-3,1.189364050E-1
7.308089833E0,3.629219205E-2,1.076692700E-2,-9.737952948E-3,3.908807552E-2
7.318034333E0,-8.052907823E-2,-5.512800142E-2,-1.227915287E-2,9.836059463E-2
7.327978333E0,-5.984728917E-2,-1.244131832E-2,-6.737746596E-3,6.149700522E-2
7.337922333E0,1.508955312E-1,1.278157122E-1,-1.077583373E-2,1.980465506E-1
7.347866333E0,-3.119197190E-3,1.490334328E-2,6.439538598E-3,1.653198988E-2
7.357810333E0,-1.099177140E-1,1.904799021E-5,1.317728519E-2,1.107047653E-1
7.367755333E0,-9.717683209E-2,-2.445810365E-2,1.202772260E-3,1.002146805E-1
7.377699333E0,-1.317520395E-1,-5.570637784E-2,-2.663172841E-2,1.455027471E-1
7.387643333E0,1.605130132E-2,-1.260843905E-2,4.058435440E-2,4.542804015E-2
7.397587333E0,-1.158497874E-3,1.642067405E-2,-4.922478497E-2,5.190433613E-2
7.407531333E0,-9.786481183E-2,-6.747927147E-2,6.763474345E-3,1.190660239E-1
7.417475333E0,-6.417319179E-2,-2.061756790E-2,6.467020512E-3,6.771340343E-2
7.427419333E0,-7.427297775E-3,2.452035366E-2,-1.538636327E-2,2.988565994E-2
7.437363333E0,-9.143231730E-2,1.075501330E-2,-1.224348485E-2,9.287325707E-2
7.447307333E0,-8.320063451E-2,3.499718453E-2,-1.163595915E-4,9.026163109E-2
7.457251333E0,-7.265212043E-2,-2.557682904E-3,2.280414104E-3,7.273288550E-2
7.467195333E0,-3.426141294E-2,-2.842357110E-2,2.294213533E-2,5.008078858E-2
7.477139333E0,-1.007672600E-2,3.156196360E-2,-3.378521204E-2,4.731953620E-2
7.487083333E0,1.888582316E-1,1.065609097E-1,2.474366248E-2,2.182542278E-1
7.497027333E0,-1.014413983E-1,-2.434285868E-2,-1.881400108E-2,1.060042391E-1
7.506971333E0,-8.139217294E-2,-4.964979304E-3,-1.656633139E-2,8.320925532E-2
7.516915333E0,3.716870338E-2,8.598305492E-3,5.591692328E-3,3.855788364E-2
7.526859333E0,1.758010154E-2,-4.483022554E-3,-1.656165361E-2,2.456513447E-2
7.536804333E0,-8.230500553E-2,9.335496632E-3,9.337418675E-3,8.335738012E-2
7.546748333E0,-1.099940293E-1,2.759964132E-2,3.348115683E-3,1.134532351E-1
7.556692333E0,-3.543693169E-2,1.031449983E-2,3.821974039E-2,5.313109814E-2
7.566636333E0,-5.755282804E-2,1.913168648E-2,-1.057702839E-1,1.219249868E-1
7.576580333E0,-7.742555888E-2,3.285742794E-2,4.852604270E-3,8.424889024E-2
7.586524333E0,-2.375522722E-2,-1.303845722E-3,2.566342950E-2,3.499460598E-2
7.596468333E0,1.835861262E-2,-1.699125951E-2,6.706756353E-4,2.502381591E-2
7.606412333E0,6.650649578E-2,-1.256004763E-3,-4.562582374E-3,6.667464801E-2
7.616356333E0,1.368748217E-2,-1.144553977E-2,1.923675478E-2,2.623738331E-2
7.626300333E0,-8.866784510E-2,-8.918302363E-3,-1.923090756E-2,9.116660944E-2
7.636244333E0,-7.869712729E-4,3.231287629E-2,6.513798237E-3,3.297227419E-2
7.646188333E0,1.178965961E-1,1.216199043E-2,1.849065006E-2,1.199559316E-1
7.656132333E0,1.359368552E-1,2.756177146E-2,-4.722328305E-2,1.465213920E-1
7.666076333E0,-1.049194227E-2,-2.535695317E-2,3.286193669E-2,4.281311493E-2
7.676020333E0,1.689266084E-2,1.747656014E-2,-1.100036681E-2,2.667958422E-2
7.685964333E0,1.257132179E-1,-3.166104650E-2,3.222985268E-3,1.296789214E-1
7.695909333E0,9.807733071E-2,2.286021036E-2,-1.324511290E-2,1.015735449E-1
7.705853333E0,-5.783756004E-2,1.784487991E-3,5.018080473E-3,5.808225960E-2
7.715797333E0,-6.276946717E-2,-6.449084178E-2,-1.055013120E-2,9.061114694E-2
7.725741333E0,-4.265519151E-2,-5.111339908E-2,-3.913833797E-2,7.722599580E-2
7.735685333E0,2.787520277E-2,-2.179640084E-2,1.325563788E-2,3.778653139E-2
7.745629333E0,6.643565311E-2,9.438083289E-3,3.690645576E-2,7.658237328E-2
7.755573333E0,9.917727420E-3,2.024020093E-2,-6.443222344E-2,6.826081210E-2
7.765517333E0,4.594498121E-2,-2.210275382E-2,-2.110844851E-4,5.098546442E-2
7.775461333E0,4.675419931E-2,-4.001157395E-2,2.419285476E-2,6.612242755E-2
7.785405333E0,1.216664330E-1,-8.881826929E-3,-1.487531662E-2,1.228937868E-1
7.795349333E0,5.824045147E-2,-1.153428383E-3,-1.173828542E-2,5.942278964E-2
7.805293333E0,-4.815001192E-2,7.938446064E-4,1.355501533E-2,5.002791498E-2
7.815237333E0,5.249236439E-2,1.539229271E-2,-4.853188992E-3,5.491743291E-2
7.825181333E0,1.332761985E-1,1.770294560E-2,-1.877190113E-2,1.357509618E-1
7.835125333E0,1.885810188E-2,-3.243695831E-2,1.895024121E-2,4.203446102E-2
7.845069333E0,5.630812942E-2,1.277882486E-2,-6.397847950E-2,8.618091229E-2
7.855013333E0,1.829532016E-1,2.799948351E-2,1.730366528E-2,1.858904567E-1
7.864958333E0,1.283829195E-1,-2.409681881E-2,5.413293779E-2,1.413973326E-1
7.874902333E0,5.038771394E-2,-2.627014664E-2,-6.786278486E-3,5.722845355E-2
7.884846333E0,4.938642394E-2,1.411639371E-2,-3.717484295E-2,6.340552333E-2
7.894790333E0,3.248172880E-1,1.239316444E-2,1.626227617E-2,3.254601707E-1
7.904734333E0,5.147868561E-1,2.355582803E-2,-2.385196209E-2,5.158772144E-1
7.914678333E0,4.125137187E-1,1.668824812E-2,-9.481844902E-3,4.129600115E-1
7.924622333E0,4.415141542E-1,-5.244419681E-3,1.042675495E-2,4.416683931E-1
7.934566333E0,6.174591755E-1,7.828586361E-3,-2.774211466E-2,6.181316568E-1
7.944510333E0,7.085029545E-1,3.232969845E-2,-2.669487834E-2,7.097423916E-1
7.954454333E0,5.031550265E-1,1.582193972E-2,8.782517910E-3,5.034803344E-1
7.964398333E0,5.595658933E-1,4.338888916E-2,-3.222926795E-2,5.621701792E-1
7.974342333E0,6.499516413E-1,3.951229939E-2,-2.623704135E-2,6.516799369E-1
7.984286333E0,6.463578694E-1,2.215015510E-2,4.155031443E-3,6.467506390E-1
7.994230333E0,5.203635649E-1,1.290341281E-2,-4.222274423E-3,5.205406472E-1
8.004174333E0,4.148901733E-1,9.234971917E-3,-9.007050991E-3,4.150906740E-1
8.014118333E0,3.565648550E-1,1.007072005E-2,-1.363979995E-2,3.569677288E-1
8.024062333E0,3.768635007E-1,4.551071239E-3,-7.493791580E-3,3.769654723E-1
8.034007333E0,2.354488094E-1,1.923397050E-4,2.392680645E-3,2.354610451E-1
8.043951333E0,1.034333254E-1,-6.932366944E-3,-1.043143272E-3,1.036706259E-1
8.053895333E0,8.552079141E-2,3.643845466E-3,2.407883406E-3,8.563224437E-2
8.063839333E0,1.084748679E-1,-8.182091089E-3,-8.062725663E-3,1.090813967E-1
8.073783333E0,7.980558579E-2,-2.784311047E-3,-8.355086446E-3,8.029004534E-2
8.083727333E0,3.090686532E-2,3.108788689E-3,-4.309982657E-3,3.136040244E-2
8.093671333E0,1.512144785E-4,-1.117594773E-2,6.471113563E-3,1.291510682E-2
8.103615333E0,2.963180685E-2,-1.001850053E-2,-1.148685515E-2,3.332209735E-2
8.113559333E0,2.696953302E-2,-7.283450559E-3,-6.095137596E-3,2.859291985E-2
8.123503333E0,1.472220180E-2,7.001720974E-4,1.540156603E-3,1.481909407E-2
8.133447333E0,-3.218143956E-2,-8.924242083E-3,-7.738789916E-3,3.428084039E-2
8.143391333E0,-2.731982692E-2,-5.281795609E-3,1.544249654E-3,2.786853091E-2
8.153335333E0,1.237710287E-2,4.138192718E-3,-9.232168794E-3,1.598593929E-2
8.163279333E0,2.563572831E-2,3.548923001E-4,-1.222535849E-2,2.840380089E-2
8.173223333E0,-1.030677740E-2,-5.038002119E-3,-1.267442465E-2,1.709538434E-2
8.183167333E0,-6.206828551E-3,3.194720490E-3,-5.488196611E-3,8.879823293E-3
8.193111333E0,-4.208981143E-3,4.382754797E-3,-1.371990681E-2,1.500532921E-2
8.203056333E0,1.473760555E-2,-5.378411711E-3,-1.820998371E-2,2.403596964E-2
8.213000333E0,1.150589515E-2,-1.253632643E-2,3.508329391E-4,1.701964122E-2
8.222944333E0,6.624895334E-3,-7.098647710E-3,5.739042163E-3,1.127903553E-2
8.232888333E0,-3.660448361E-3,2.658042024E-3,-1.192481160E-2,1.275402687E-2
8.242832333E0,1.983932862E-2,-1.756673174E-3,-1.731360555E-2,2.639025952E-2
8.252776333E0,2.469559654E-2,5.930444258E-3,-7.434734702E-3,2.646352088E-2
8.262720333E0,1.367535833E-3,5.179652061E-3,4.981827736E-4,5.380254251E-3
8.272664333E0,-5.979033820E-3,-8.918378879E-3,-1.117753744E-2,1.549915064E-2
8.282608333E0,-4.472060166E-3,-1.236231295E-3,-6.975728273E-4,4.691929006E-3
8.292552333E0,-5.870814649E-3,-1.971187188E-3,2.745852470E-3,6.774344940E-3
8.302496333E0,4.156986605E-3,6.548832423E-3,-1.012737751E-2,1.275662647E-2
8.312440333E0,-1.207727775E-2,2.066173037E-3,-1.671309650E-2,2.072335165E-2
8.322384333E0,-2.080976542E-2,-1.892065053E-3,-1.476655841E-2,2.558666634E-2
8.332328333E0,-8.758197147E-3,-1.965396503E-3,-2.180134356E-2,2.357683994E-2
8.342272333E0,-9.317465052E-3,-7.515788303E-3,4.245663285E-3,1.270149147E-2
8.352216333E0,2.302569570E-3,-1.038323773E-2,-1.536297441E-2,1.868513942E-2
8.362160333E0,3.567358861E-3,1.530990636E-3,-1.491332352E-2,1.541029526E-2
8.372105333E0,-2.782032117E-2,-1.822115737E-6,-1.625935256E-2,3.222323415E-2
8.382049333E0,2.051239796E-3,9.182178526E-4,-8.325265646E-3,8.623268336E-3
8.391993333E0,-1.104126077E-2,-2.604166270E-3,8.440455794E-3,1.413974595E-2
8.401937333E0,-1.675575376E-2,-5.370133676E-4,1.255981922E-3,1.681134017E-2
8.411881333E0,-2.004571706E-2,-5.266597416E-3,-1.595822096E-2,2.615784083E-2
8.421825333E0,-1.586495787E-3,-1.491499774E-2,-2.089853346E-2,2.572397379E-2
8.431769333E0,-1.827916358E-2,-9.184882863E-3,-9.673048854E-3,2.262869348E-2
8.441713333E0,-1.768979165E-2,-9.523879759E-3,-6.978067160E-3,2.126796736E-2
8.451657333E0,-1.440530098E-2,-1.089305784E-2,1.038582444E-2,2.083354878E-2
8.461601333E0,-6.554911472E-3,-2.459833404E-4,-1.416254103E-2,1.560784869E-2
8.471545333E0,-1.510070851E-3,-9.606655547E-3,-2.935302258E-3,1.015795964E-2
8.481489333E0,-9.645749666E-3,-1.554903007E-2,-1.386374831E-2,2.295683645E-2
8.491433333E0,-1.379743723E-2,-8.940734772E-3,-9.822152853E-3,1.915151950E-2
8.501377333E0,-8.802800439E-4,4.455565194E-3,-1.266682327E-2,1.345642471E-2
8.511321333E0,-1.848741582E-2,-4.991751443E-3,-1.596055984E-2,2.492873034E-2
8.521265333E0,-2.309856663E-2,-1.009477586E-2,2.600256801E-3,2.534185501E-2
8.531209333E0,-6.243711691E-3,1.383076522E-2,-4.434528351E-3,1.580946058E-2
8.541154333E0,-2.203639249E-2,7.990456590E-3,-1.027297318E-2,2.559265458E-2
8.551098333E0,-1.354953356E-2,3.021674598E-3,6.043682098E-3,1.514088737E-2
8.561042333E0,-7.445186600E-3,-2.702108845E-3,-7.128925323E-3,1.065616122E-2
8.570986333E0,-3.556157788E-3,9.409317729E-4,-1.386491776E-2,1.434460021E-2
8.580930333E0,-1.792119521E-2,-2.505807137E-3,-7.128925323E-3,1.944916151E-2
8.590874333E0,-1.151425484E-2,-1.063797648E-2,-1.850468338E-2,2.425217340E-2
8.600818333E0,-1.111314498E-2,5.564435396E-3,-2.038339376E-3,1.259443369E-2
8.610762333E0,-1.401780417E-2,1.843885195E-3,3.349285126E-3,1.452984712E-2
8.620706333E0,-1.175514185E-2,-8.511082622E-3,2.058219910E-4,1.451427745E-2
8.630650333E0,-4.268028885E-3,1.147994013E-3,-1.027238846E-2,1.118284067E-2
8.640594333E0,-2.072655223E-4,-2.472989640E-5,-9.823907018E-3,9.826124346E-3
8.650538333E0,-1.275243016E-2,-1.883754755E-2,3.498389125E-3,2.301556862E-2
8.660482333E0,-1.188752647E-2,-1.914407184E-2,-1.141961217E-3,2.256352914E-2
8.670426333E0,-7.121753348E-3,-7.342232207E-3,-7.430056930E-3,1.264252706E-2
8.680370333E0,-1.802281799E-2,-4.813540415E-4,-1.102258623E-2,2.113175518E-2
8.690314333E0,-2.268407213E-2,-5.344413350E-3,-5.633792281E-3,2.397643630E-2
8.700258333E0,-1.946080363E-2,-3.495476652E-3,-2.490913868E-3,1.992851944E-2
8.710203333E0,-1.970116074E-2,-1.062994113E-2,-5.334414840E-3,2.301276525E-2
8.720147333E0,-1.122836254E-2,-1.525202920E-2,2.899049520E-3,1.915998455E-2
8.730091333E0,-1.577493816E-2,-5.595574674E-3,-1.311705887E-2,2.126537945E-2
8.740035333E0,-6.033924557E-3,1.730146287E-3,-2.105056107E-2,2.196651481E-2
8.749979333E0,-8.713721763E-3,-8.524403881E-4,-1.581145585E-2,1.807367526E-2
8.759923333E0,-9.763251292E-3,-1.557786472E-3,2.151190639E-3,1.011807272E-2
8.769867333E0,-1.273380130E-2,-1.074091488E-2,-1.626052201E-2,2.327920798E-2
8.779811333E0,-1.894633088E-2,-3.509799475E-3,-5.035037398E-3,1.991566589E-2
8.789755333E0,-2.033940260E-2,-5.274025779E-4,-5.335584283E-3,2.103420812E-2
8.799699333E0,-1.961440268E-2,3.805175514E-3,-8.478462696E-3,2.170457286E-2
8.809643333E0,-8.724338114E-3,5.875563799E-3,-1.892158985E-3,1.068721625E-2
8.819587333E0,-1.135128197E-2,1.368796068E-3,-2.120258868E-2,2.408889727E-2
8.829531333E0,-1.827955644E-2,-1.374889735E-2,-6.532509327E-3,2.378756061E-2
8.839475333E0,-1.437269362E-2,-7.663489884E-3,-3.989555240E-3,1.676961389E-2
8.849419333E0,-2.024366358E-2,-1.235393328E-2,-7.134187818E-3,2.476534309E-2
8.859363333E0,-3.416602110E-2,-4.649545431E-3,-8.481386304E-3,3.550871983E-2
8.869308333E0,-1.599853934E-2,-1.031630139E-3,-1.295158267E-3,1.608399691E-2
8.879252333E0,1.116865698E-2,-7.908302068E-4,-1.237329304E-2,1.668720144E-2
8.889196333E0,-3.415450025E-3,5.654060535E-3,-4.291271567E-3,7.877100423E-3
8.899140333E0,-9.858588316E-3,2.236512878E-3,-7.136526704E-3,1.237431884E-2
8.909084333E0,-9.776398391E-3,1.429387726E-2,3.490203023E-3,1.766562792E-2
8.919028333E0,-7.859379603E-3,-8.605069761E-3,-6.240733266E-3,1.321982697E-2
8.928972333E0,-1.690971826E-2,-2.233614452E-2,-1.537232995E-2,3.195544479E-2
8.938916333E0,-6.097513027E-3,-8.282438788E-3,-1.303344369E-3,1.036711937E-2
8.948860333E0,-1.052145244E-2,4.648472490E-3,-1.603891253E-3,1.161385918E-2
8.958804333E0,-6.602410963E-3,1.030355058E-3,-1.387836635E-2,1.540332804E-2
8.968748333E0,1.724672802E-3,1.283108663E-2,-8.490741849E-3,1.548237635E-2
8.978692333E0,-1.637552029E-2,2.256150158E-4,-1.155994534E-3,1.641782234E-2
8.988636333E0,7.067456469E-4,-1.218043086E-2,-8.041675687E-3,1.461269767E-2
8.998580333E0,-6.865005763E-3,-1.229097978E-2,-6.844750643E-3,1.565398030E-2
9.008524333E0,-4.866902540E-3,-1.184642579E-2,4.894119501E-4,1.281655447E-2
9.018468333E0,-1.285156787E-2,-1.700694078E-3,-4.749108553E-3,1.380612868E-2
9.028412333E0,-1.102921916E-2,-1.527321165E-2,-5.584090948E-4,1.884745315E-2
9.038357333E0,4.856898319E-3,-5.440786199E-3,-1.905607581E-3,7.538100291E-3
9.048301333E0,-5.700989580E-3,3.419545931E-3,-2.653466463E-3,7.157895000E-3
9.058245333E0,-1.127334042E-2,-3.637932584E-3,-8.640430570E-3,1.466218940E-2
9.068189333E0,3.819008404E-3,-6.746169670E-3,-1.058638394E-2,1.312124824E-2
9.078133333E0,-1.310865350E-2,-1.177682680E-2,2.586223483E-3,1.781064283E-2
9.088077333E0,-7.198671643E-3,-1.914563186E-2,-7.892571688E-3,2.192415974E-2
9.098021333E0,-1.559967700E-2,-1.937531551E-2,-8.341637850E-3,2.623615246E-2
9.107965333E0,2.835415369E-3,-1.633341749E-3,-4.449731112E-3,5.523358810E-3
9.117909333E0,1.842633982E-2,4.961102668E-3,-1.492794156E-2,2.422779351E-2
9.127853333E0,-1.898264757E-2,3.376838759E-2,-1.042903537E-1,1.112525181E-1
9.137797333E0,-6.941948726E-2,-2.893863771E-2,1.136558390E-1,1.362870489E-1
9.147741333E0,-5.250684539E-2,-2.187807228E-2,3.035874367E-3,5.696345664E-2
9.157685333E0,-7.973190174E-3,-1.165106598E-2,1.890229404E-2,2.359270692E-2
9.167629333E0,2.678494373E-2,-2.119132365E-2,8.423498869E-3,3.517756021E-2
9.177573333E0,4.478377900E-2,8.155266987E-3,-4.486627042E-2,6.391461072E-2